{"type":"Topology","arcs":[[[73272,99528],[-248,-3130],[-17,-1658],[725,-507],[-516,-1033],[-1091,-1544],[-2,-2447],[-435,-3032],[-773,-1595],[-205,-1979],[599,-2995],[-86,-622],[503,-1799],[-75,-832],[-436,-1071],[-122,-1556],[664,-1486],[849,-4873],[387,-587],[370,-1357],[700,-1126],[51,-997],[660,-2113],[-403,-499],[-335,-1159],[-397,-643],[-10,-616],[1246,30],[1419,-1577],[1141,-552],[-7,-3810],[183,-1622],[1909,-3138],[-284,-1511],[-418,-476],[-3519,-3108],[-743,-261],[-13,-2046],[-228,-882],[879,-817],[-303,-885],[-788,-1066],[-1463,-1003],[-98,-5835],[40,-481],[1369,-2463],[1452,-2314],[1157,-1701],[1810,-1609],[1084,-196],[-787,-1631],[-400,-418],[-534,-1949],[-818,-681],[-411,-799],[-941,-616],[-325,-806],[-578,-733],[-1032,-927],[584,-768],[426,-1229],[-51,-2167],[-141,-861],[222,-1429],[-230,-1813],[-184,-3739]],[[74254,383],[-13053,430],[1,2775],[-2165,100],[-65,-2854],[-22107,496],[-2348,63],[14,2694],[-4333,214],[87,2585],[-4460,136],[79,2566],[-4386,-24],[84,2907],[2173,-75],[59,2515],[2269,-51],[76,2563],[-10876,376],[23,2527],[-2449,-32],[-23,-2527],[-6888,-63],[23,2910],[-4351,110],[3,2161],[-1641,0],[16,480],[797,2920],[253,529],[1914,2102],[289,892],[-218,1249],[251,1041],[808,138],[190,512],[-1589,1805],[-49,1114],[421,1559],[-162,1243],[-617,1016],[-183,927],[503,2399],[-45,1791],[606,2632],[22,712],[-396,1353],[591,1971],[474,615],[935,583],[358,806],[-924,2717],[-968,3941],[-290,1915],[-946,3672],[-540,1446],[-119,900],[757,1129],[2491,1924],[520,552],[2656,4027],[836,1720],[858,1400],[2732,3448],[362,713],[1037,893],[2884,943],[5081,2143],[1579,768],[503,383],[664,1119],[-343,1152],[-847,704],[-1762,-256],[-1282,1311],[0,736],[343,799],[1511,1824],[1076,351],[1373,-415],[1167,-64],[1573,211],[2317,-179],[2106,351],[1075,800],[572,1024],[-137,1599],[113,352],[24969,0],[-23,-3135],[2631,-32],[1,3167],[12497,201]],[[73272,99528],[20365,439],[2197,32],[0,-2495],[2060,32],[0,-13113],[2105,-64],[-46,-2463],[-2059,64],[-23,-2751],[-504,0],[46,-2495],[-2105,0],[46,-2654],[2082,0],[-211,-17036],[-53,-6665],[-125,-10586],[106,-2448],[-197,-2605],[-2220,-128],[4,-4610],[-187,-1148],[-58,-8349],[2372,-12],[-43,-2340],[-2333,20],[33,-2371],[2269,22],[-52,-2630],[-2210,12],[-184,-13186],[-4580,71],[10,2607],[-2270,97],[43,-2773],[-13296,381]]],"transform":{"scale":[0.000004369825517535722,0.000003126481269563774],"translate":[-85.06809818224758,31.920307999667866]},"objects":{"tracts":{"type":"GeometryCollection","geometries":[{"arcs":[[0,1]],"type":"Polygon","properties":{"id":"13259950400"}},{"arcs":[[2,-1]],"type":"Polygon","properties":{"id":"13259950100"}}]}}}