{"type":"Topology","arcs":[[[36833,38851],[668,52],[508,198],[741,66],[641,-76],[1383,69],[1828,-150],[391,215],[1011,333],[373,-257],[888,-65],[1083,350],[1136,185],[897,-744],[970,-1249],[700,-438],[1527,-427],[466,-370],[2256,-2004],[13717,44],[8476,0],[15207,-34],[3647,-35]],[[95347,34514],[84,-12196],[19,-6272],[17,-15335],[42,-711],[-1931,300],[-883,62],[-208,187],[-1103,658],[-1343,317],[-578,277],[-1127,320],[-2818,111],[-893,-190],[-1334,-173],[-847,-37],[-1293,362],[-371,217],[-816,270],[-1283,176],[-1048,579],[-343,38],[-685,-136],[-698,-306],[-562,243],[-1927,483],[-451,41],[-1223,-96],[-339,130],[-1320,206],[-822,339],[-1049,-163],[-1042,25],[-827,-295],[-1218,-197],[-1251,-691],[-1100,-315],[-1455,221],[-1043,4],[-849,-70],[-1194,144],[-960,-425],[-507,-151],[-993,287],[-744,826],[-840,145],[-207,746],[-492,500],[-83,394],[180,322],[-184,582],[-396,436],[60,793],[445,552],[-127,447],[-6,532],[-137,939],[-232,356],[-864,554],[-946,-283],[-984,245],[-899,418],[-1307,464],[353,626],[-52,397],[309,613],[91,1066],[545,876],[58,325],[-239,820],[-678,1089],[-404,755],[-862,718],[-625,296],[-1016,213],[-1248,110],[-1381,-99],[-244,62],[-1948,1087],[-405,96],[-436,314],[-694,-8],[-485,328],[-640,29],[-784,364],[-944,262],[-818,34],[-731,195],[-817,26],[-754,-150],[-445,-313],[-127,-499],[-283,-203],[-591,17],[-603,252],[-448,567],[-421,382],[-390,734],[-21,938],[-123,666],[-58,1170],[475,788],[164,433],[423,228],[625,654],[228,541],[-439,679],[-542,416],[-94,239],[238,302],[576,394],[448,637],[808,508],[1533,398],[928,143],[692,415],[202,377],[-122,506],[482,488],[333,469],[341,678],[341,234],[211,798],[-60,487],[141,351],[-110,490],[133,674],[-626,382],[-149,267]],[[36833,38851],[-192,103],[-432,820],[-369,417],[-1252,507],[-250,226],[-398,716],[420,136],[-346,500],[-1306,-96],[-1528,483],[-620,424],[-91,464],[350,131],[-493,541],[-1197,716],[-350,415],[-698,610],[-568,367],[-692,251],[-408,463],[43,358],[-168,548],[-596,414],[-678,95],[-1582,-66],[-944,-161],[-1029,-81],[-620,55],[-1302,320],[-538,287],[-1125,143],[-1080,-120],[-1050,-348],[-1435,439],[-1429,61],[-528,-109],[-1207,-638],[-377,-327],[-470,-161],[-757,233],[-191,244],[-1781,523],[-468,-97],[-972,-415],[-1422,-291],[-1173,64],[-1691,488],[-1843,-184],[141,51600],[39340,59],[30374,21],[30097,-29],[40,-31484],[-67,-766],[48,-7196],[26,-23816],[-4676,-3],[24,-2191]]],"transform":{"scale":[0.000004924799245439605,0.000005492134920827814],"translate":[-115.08684999998331,42.64929800009896]},"objects":{"tracts":{"type":"GeometryCollection","geometries":[{"arcs":[[0,1]],"type":"Polygon","properties":{"id":"16047960200"}},{"arcs":[[-1,2]],"type":"Polygon","properties":{"id":"16047960100"}}]}}}