{"type":"Topology","arcs":[[[49119,59368],[319,453],[331,731],[285,-169],[516,27],[8,-1001],[-193,-222],[82,-457],[489,-311],[81,223],[-116,580],[24,603],[244,-96],[472,609],[-241,624],[71,906],[532,-661],[300,87],[153,441],[-79,781],[378,47],[5,-365],[206,-611],[282,-438],[158,236],[1134,-238],[204,83],[253,441],[442,-59],[671,-543],[-7,-2581],[4256,-123]],[[60379,58365],[-67,-8165],[-109,-10779],[-390,-283],[-385,200],[-6352,398],[-50,-4936],[58,-391]],[[53084,34409],[-180,-121],[-4121,225],[-1476,-26],[225,16307],[1466,-5],[121,8579]],[[45953,98741],[-365,-32584],[3612,-129],[-81,-6660]],[[53084,34409],[1254,-6894],[66,-737],[-198,-25089]],[[54206,1689],[-5855,155],[-1439,30],[-15565,341],[-4962,188],[-2107,-2],[-57,913],[173,4341],[286,3828],[-54,704],[-1561,5362],[-1272,3143],[-727,3913],[-1538,4656],[-1227,4843],[-779,1821],[-433,719],[-1422,1343],[-731,-97],[-2154,-946],[-414,62],[-1691,964],[-1989,7281],[-1591,5101],[-1041,2831],[-1244,2700],[-1701,3044],[-1148,2929],[-1283,2239],[-408,904],[-193,889],[-79,3201],[571,2247],[858,2232],[488,1879],[1339,7323],[757,2767],[1378,2766],[391,1391],[237,2916],[188,7389],[2759,-141],[7748,-143],[1061,58],[259,-50],[7239,-85],[6388,-79],[638,24],[13160,-737],[494,-105]],[[60379,58365],[2802,-95],[1606,112],[1170,-12],[60,5516],[359,336],[1505,872],[3,-760],[391,-751],[826,11],[328,384],[715,1467],[886,521],[180,-449],[206,58],[510,397],[149,-99],[214,292],[90,-605],[179,-133],[93,565],[915,523],[420,-174],[-18,-293],[468,116],[137,412],[296,-37],[314,528],[23,501],[293,458],[206,-49],[433,424],[480,-539],[122,-356],[579,66],[310,515],[245,704],[634,692],[561,53],[233,-131],[556,-11],[174,-194],[178,938],[308,300],[193,-256],[376,-1050],[407,-58],[432,531],[375,236],[336,604],[280,870],[170,33],[136,467],[310,-179],[90,273],[545,-28],[508,219],[1130,-44],[557,-620],[656,-141],[111,364],[503,428],[530,946],[261,230],[1206,102],[829,170],[1521,90],[487,198],[394,384],[675,386],[846,268],[699,428],[428,474],[289,145],[2882,-128],[1076,-86]],[[99756,75694],[-141,-10812],[42,-278],[-30,-5099],[-66,-9468],[-76,-9360],[-91,-13455],[-137,-16257],[-89,-10884],[-2787,-43],[-58,-38],[-13002,101],[-479,14],[-2897,287],[-8167,666],[-6161,348],[-5741,127],[-5670,146]],[[45953,98741],[2798,-157],[1328,-91],[3225,-165],[6538,-84],[3695,6],[2047,-22],[2946,-60],[8701,-262],[4555,-212],[1138,48],[1375,-113],[4203,-31],[2922,29],[2560,-60],[1312,53],[4703,14],[-243,-21940]]],"transform":{"scale":[0.000006804218048638857,0.00000269584041881782],"translate":[-91.11418600032684,41.06377699990967]},"objects":{"tracts":{"type":"GeometryCollection","geometries":[{"arcs":[[0,1,2]],"type":"Polygon","properties":{"id":"17131040300"}},{"arcs":[[3,-3,4,5]],"type":"Polygon","properties":{"id":"17131040200"}},{"arcs":[[6,7,-5,-2]],"type":"Polygon","properties":{"id":"17131040400"}},{"arcs":[[8,-7,-1,-4]],"type":"Polygon","properties":{"id":"17131040100"}}]}}}