{"type":"Topology","arcs":[[[48666,64418],[1851,-260],[759,80],[1098,511],[949,103],[1150,-168],[1415,235],[24,-2053],[3244,40],[1484,-74],[1639,215]],[[62279,63047],[-3,-4386],[-62,-520],[-6263,1958],[-8,-468],[866,-2966],[-165,-2179],[105,-504],[648,-741],[297,-602],[46,-2509]],[[57740,50130],[-7710,-97]],[[50030,50033],[-285,10401],[-720,-10],[-44,533],[-385,-5],[-52,1838],[190,454],[-401,383],[585,290],[-252,501]],[[32630,64279],[1046,-546],[2622,-421],[736,146],[1326,-821],[1608,-231],[543,-248],[1106,-89],[842,108],[1477,990],[822,418],[1415,227],[659,280],[1152,274],[682,52]],[[50030,50033],[-14816,-188],[-9608,-100],[-146,6583],[303,628],[2052,1714],[401,787],[827,1133],[625,73],[2851,1912],[109,257],[2,1447]],[[36741,74835],[5401,66],[1427,-564],[-15,582],[18652,218]],[[62206,75137],[-144,-5118],[28,-134],[-47,-3249],[236,-3589]],[[48666,64418],[-119,191]],[[48547,64609],[1139,453],[-60,2491],[-46,580],[-426,948],[-787,1125],[-448,219],[-2,358],[-449,679],[-4093,-2102],[-475,421]],[[42900,69781],[-1328,1206],[-4831,3848]],[[1274,24814],[24493,272],[3277,16],[604,-45],[847,-195],[2811,-1044],[1557,-272],[1003,97],[663,184],[2748,981],[886,212],[835,69],[3653,126],[1827,-59],[13144,82],[9314,-19]],[[68936,25219],[30944,28]],[[99880,25247],[44,-8330],[25,-8303],[50,-8249],[-3006,110],[-16457,-232],[-1109,-82],[-16351,-25],[-24796,-90],[-11905,-28],[-19552,0],[-5124,-18],[-315,12360],[-168,12453],[58,1]],[[48547,64609],[-535,35],[-1899,1735],[-913,381],[-761,-374],[-417,380],[-2162,-58],[-2668,26],[-880,192],[-3,878],[306,971],[2643,87],[1569,690],[73,229]],[[62206,75137],[-95,12263],[14736,-21],[4290,-87],[3986,19],[14541,-33]],[[99664,87278],[12,-3998],[-96,-4226],[-22,-4094],[196,-16236],[-12,-8309],[-15,-3174],[31,-5338],[122,-16656]],[[68936,25219],[-67,20719],[-6174,-2],[-301,-59],[47,4367],[-4701,-114]],[[36741,74835],[-2904,-57],[-339,-172],[-1211,-84],[-1276,249],[-5674,-248],[-2181,-20]],[[23156,74503],[-22554,-209]],[[602,74294],[-118,0],[-444,20916],[-40,3953],[25031,214],[5582,84],[19182,240],[12207,293],[12610,1],[6206,-13],[18865,17],[87,-910],[-106,-11811]],[[32630,64279],[45,370],[-1819,31],[-3647,-272],[66,624],[385,938],[-593,428],[-1576,136],[-953,579],[-1352,-86],[-19,189],[-11,7287]],[[1274,24814],[-103,4825],[50,401],[-433,19398],[-155,5876],[275,675],[-102,5800],[-204,12505]]],"transform":{"scale":[0.0000030917709135302787,0.0000035212452122068814],"translate":[-85.64384099999924,40.65312900007763]},"objects":{"tracts":{"type":"GeometryCollection","geometries":[{"arcs":[[0,1,2,3]],"type":"Polygon","properties":{"id":"18069961800"}},{"arcs":[[4,-4,5]],"type":"Polygon","properties":{"id":"18069961900"}},{"arcs":[[6,7,-1,8,9,10]],"type":"Polygon","properties":{"id":"18069961600"}},{"arcs":[[11,12,13]],"type":"Polygon","properties":{"id":"18069962100"}},{"arcs":[[-10,14]],"type":"Polygon","properties":{"id":"18069961500"}},{"arcs":[[-8,15,16,-13,17,-2]],"type":"Polygon","properties":{"id":"18069961700"}},{"arcs":[[-16,-7,18,19,20]],"type":"Polygon","properties":{"id":"18069961300"}},{"arcs":[[-19,-11,-15,-9,-5,21]],"type":"Polygon","properties":{"id":"18069961400"}},{"arcs":[[-20,-22,-6,-3,-18,-12,22]],"type":"Polygon","properties":{"id":"18069962000"}}]}}}