{"type":"Topology","arcs":[[[28593,99491],[164,-14101],[10,-2351],[-72,-858],[88,-460],[7,-8074],[-2358,-129],[67,-7044]],[[26499,66474],[-11652,-141],[-14649,-290]],[[198,66043],[-14,9447],[3,2131],[-47,150],[12,1338],[-42,8495],[-5,6731],[-96,2194],[-9,2521],[7741,128],[2273,-64],[18579,377]],[[130,33212],[12479,12],[9978,138],[6322,-47]],[[28909,33315],[-13,-7798],[107,-1735],[22,-3184],[125,-20404]],[[29150,194],[-16292,-104],[-12843,-90],[86,28309],[29,4903]],[[28821,52203],[3173,-41],[119,-431],[-689,-1001],[498,-288],[1039,81],[-126,-901],[58,-560],[-240,-543],[174,-487],[-476,-167],[264,-426],[3220,57],[10,-2361],[2326,-150],[2485,9],[53,1329],[1705,716],[189,-267],[1387,947],[267,-260],[2078,15],[-110,4925]],[[46225,52399],[-72,3385],[77,605],[601,1581],[-1764,1598],[-1569,1279],[-1075,573],[332,926],[-29,4332]],[[42726,66678],[4675,-13],[-22,2332],[9430,129],[-17,2357]],[[56792,71483],[5809,14],[3509,-94],[26,-4747]],[[66136,66656],[163,-20411],[20,-138],[141,-12759]],[[66460,33348],[-13165,41],[-5556,24],[-18830,-98]],[[28909,33315],[-35,9459],[-53,9429]],[[66460,33348],[7712,-75],[6186,-82],[4648,61],[14386,163]],[[99392,33415],[234,-9304],[224,-14141],[149,-9416],[-5690,-91],[-9667,-108],[-535,-83],[-477,66],[-7546,-65],[-8482,3],[-7506,18],[-1126,-157],[-1322,-29],[-1908,24],[-1047,164],[-2247,3],[-18813,-68],[-4483,-37]],[[26499,66474],[2327,18]],[[28826,66492],[24,-2361],[7,-7846]],[[28857,56285],[-36,-4082]],[[130,33212],[14,9259],[43,14140],[-16,5993],[29,190],[-2,3249]],[[28857,56285],[9085,-2008]],[[37942,54277],[4915,-1104],[3368,-774]],[[66136,66656],[9389,-214],[19329,-62],[4054,-70]],[[98908,66310],[50,-9403],[205,-10518],[229,-12974]],[[75257,99948],[6990,51]],[[82247,99999],[-5,-3606],[2358,-24],[75,-15811],[-4703,-69],[21,2374],[-4696,38],[8,2864],[-3997,-16],[48,1178],[-177,762],[-42,1325],[-344,2028],[152,974],[-876,1211],[-165,775],[76,1178],[5271,-3],[6,4771]],[[28593,99491],[10220,204],[109,-446],[4801,70],[41,460],[3119,-3],[9656,53]],[[56539,99829],[152,-14132],[-568,2],[-159,-988],[201,-1584],[-496,-995],[20,-1205],[523,-459],[536,-62],[44,-8923]],[[42726,66678],[-941,-9],[9,-553],[-4642,-103]],[[37152,66013],[-22,514],[-8304,-35]],[[37152,66013],[274,-2822],[725,-7302],[-305,-32],[96,-1580]],[[56539,99829],[11748,-15],[6970,134]],[[82247,99999],[2328,-118],[14116,44],[96,-11017],[-44,-804],[1,-2254],[52,-214],[112,-19326]]],"transform":{"scale":[0.000004130651307720279,0.000003079430796469954],"translate":[-86.46710799975753,41.17144199989546]},"objects":{"tracts":{"type":"GeometryCollection","geometries":[{"arcs":[[0,1,2]],"type":"Polygon","properties":{"id":"18099020202"}},{"arcs":[[3,4,5]],"type":"Polygon","properties":{"id":"18099020302"}},{"arcs":[[6,7,8,9,10,11,12]],"type":"Polygon","properties":{"id":"18099020701"}},{"arcs":[[-12,13,14,-5]],"type":"Polygon","properties":{"id":"18099020800"}},{"arcs":[[-2,15,16,17,-13,-4,18]],"type":"Polygon","properties":{"id":"18099020301"}},{"arcs":[[19,20,-7,-18]],"type":"Polygon","properties":{"id":"18099020600"}},{"arcs":[[21,22,-14,-11]],"type":"Polygon","properties":{"id":"18099020702"}},{"arcs":[[23,24]],"type":"Polygon","properties":{"id":"18099020101"}},{"arcs":[[25,26,-9,27,28,-16,-1]],"type":"Polygon","properties":{"id":"18099020201"}},{"arcs":[[-29,29,-20,-17]],"type":"Polygon","properties":{"id":"18099020500"}},{"arcs":[[30,-25,31,-22,-10,-27]],"type":"Polygon","properties":{"id":"18099020102"}},{"arcs":[[-28,-8,-21,-30]],"type":"Polygon","properties":{"id":"18099020400"}}]}}}