{"type":"Topology","arcs":[[[99784,56123],[-1278,-257],[-8695,33],[-291,301],[673,4062],[-569,1710],[-19,1405],[-412,520],[-1034,-104],[-410,936],[-1656,-1145],[-786,809],[-1199,404],[-835,-1291],[-1069,-133],[96,-1141],[751,-2173],[2531,-1203],[330,-1531],[882,-2313],[696,-1285],[355,-2941],[531,-1354],[1829,-1199],[16,-4982],[729,-2316],[-255,-665],[-1023,54],[-3506,-624],[-691,-734],[-369,833],[-1667,-314],[-281,-933],[222,-1390],[-225,-1136],[-561,-345],[-277,-1583],[-37,-2066],[-1002,-1992],[-582,-3025],[-758,-2002],[-677,-5244],[-1188,-1979],[258,-2976],[1487,-644],[1154,-2243],[677,-79],[268,1978],[-100,1749],[1285,-685],[1205,-1710]],[[84307,13180],[-224,-1497],[146,-2073],[576,-3356],[2064,-6124],[-1999,-130],[-17484,111],[-25368,427],[-5070,194],[-5912,104],[-70,817],[-18005,8],[-12961,140],[1443,20178],[1071,14130],[923,93],[1510,2117],[546,2573],[1009,1349],[1501,369],[737,-1172],[-302,-2380],[-1528,-2767],[-650,-2958],[133,-2957],[548,-2571],[784,-734],[839,-69],[1765,2469],[1216,807],[614,-193],[1644,-3572],[824,674],[295,2865],[802,1593],[682,385],[411,1711],[840,2353],[380,2375],[539,842],[915,-542],[321,-1401],[633,-1014],[1415,-280],[444,1137],[208,4778],[755,1068],[632,-420],[500,-1261],[-104,-962],[-745,-1347],[188,-1453],[1652,-1295],[944,490],[255,3990],[-283,2274],[142,718],[991,1138],[1793,-1716],[566,-858],[671,718],[-217,2204],[-595,1716],[-840,945],[-113,2590],[208,665],[1161,909],[1067,3185],[605,962],[1652,1486],[1936,-981],[1916,-422],[312,840],[785,4619],[368,594],[1303,-193],[1068,-1368],[1339,-910],[633,-962],[367,-2101],[623,34],[615,2782],[247,3866],[-339,2696],[957,5260],[484,1917],[1067,526],[643,-2012],[1416,316],[911,-247],[657,1264],[638,-20],[947,-1362],[1636,-623],[1027,-1219],[658,1245],[1100,2858],[298,-1439],[867,-1013],[2179,249],[503,1064],[168,1568],[1441,1294],[372,953],[689,-585],[-753,3369],[94,1039],[973,1355],[1522,-733],[141,-1210],[601,-241],[820,795],[1857,3512],[620,2695],[404,471],[713,-1058],[1149,671],[1122,1812],[552,1389],[462,224],[2102,-1633],[2198,-2718],[345,95],[1077,2475],[1960,5103],[1432,2024],[1000,1818],[1080,2522],[1782,-2937],[6834,-17638],[925,-5112],[2547,-5138],[873,-2471],[1174,-4999],[950,-5581]],[[99784,56123],[215,-3701],[-889,-6061],[-819,-2676],[-1611,-2592],[-1288,-2752],[-1661,-2071],[-1425,-4072],[-3540,-6155],[-1942,-4330],[-2255,-6786],[-262,-1747]]],"transform":{"scale":[0.000003104581044532509,0.0000013075817611128485],"translate":[-85.14031199981639,38.900839000029244]},"objects":{"tracts":{"type":"GeometryCollection","geometries":[{"arcs":[[0,1]],"type":"Polygon","properties":{"id":"18115965800"}},{"arcs":[[2,-1]],"type":"Polygon","properties":{"id":"18115965700"}}]}}}