{"type":"Topology","arcs":[[[29143,79305],[1,-1929],[57,-163],[-367,-145],[-8,-1688],[234,32],[5,-3578],[429,0],[138,-957],[-7,-2018],[-921,-59],[937,-284],[1,-1877],[-19,-5567],[48,-241],[288,-354],[656,-246],[-14,-881]],[[30601,59350],[-3864,14],[-12,7297],[-9694,-2],[4,4167],[62,4459],[2289,-14],[-1,4080],[9758,-46]],[[29143,79305],[1924,-10],[-12,3121],[6758,7],[2,-3116],[-21,-4010],[5,-2391],[4240,-23],[36,-4141],[-6731,54],[444,-1090],[-24,-318],[-1624,-851],[-503,-1363],[-1083,-1221],[-592,-202],[-382,-688],[-677,-682],[-203,-452],[279,-386],[297,-938],[134,-111],[1256,373],[636,-26],[243,-216],[6,-446],[-607,-321],[-133,-406],[-425,-374],[-121,-616],[170,-288],[443,-40],[109,-268],[36,-1357],[-225,-136],[-582,352],[-237,-6],[-255,-474],[-1162,44],[39,3061]],[[92835,75023],[-10116,29],[-90,11],[-5993,-9],[-7020,1],[-4511,-34],[-1198,28],[-7990,35],[-11,-1486],[-764,-783],[-745,-1379],[-4,-1291],[-167,-537],[27,-1370],[149,-797],[57,-1145],[-500,-1313],[61,-319],[-411,-475],[-633,-909],[40,-717],[-256,-564],[-436,-252],[-106,-305],[182,-498],[-376,-195],[-535,-567],[-158,-1110],[-514,-304],[-193,-487],[2985,-37],[-5,-8330],[-5786,21]],[[47818,49935],[-4812,35],[-6586,35],[-152,866],[-152,183],[-1590,38],[-904,240],[-478,255],[-553,-103],[-635,-645],[276,-820],[-198,-536],[-709,-348],[-735,-614],[-1235,-900],[-497,-836],[-582,-433],[-533,-111],[-564,-427],[-333,-596],[418,-1167],[-697,-616],[-460,-262],[-339,-754],[-442,-374],[-4,-508],[452,-842],[437,-118],[1102,433],[441,-510],[-283,-1246],[-242,-217],[-1751,832],[-726,695],[-99,988],[62,3203],[101,436],[-909,-105],[-967,109],[-53,477],[-7633,33],[-5803,-17],[-1650,15]],[[7801,45703],[-2,4314],[43,25303],[-7842,21],[27,10502],[-4,3771],[-20,10385],[5974,-46],[7171,-12],[961,-81],[1230,82],[7844,-127],[4895,5],[10720,-54],[7695,77],[5807,-23],[7808,18],[9467,-10],[5711,-4],[4003,5],[9615,50],[3712,33],[143,-39],[76,-24850]],[[92835,75023],[7164,-49],[-40,-6369],[-14,-6163],[3,-12429],[-16,-16817],[16,-4157],[2,-4152],[-42,-16534],[11,-8308],[-15953,-6],[-5181,-39],[-158,31],[-1933,-21],[-7650,40],[-15365,5],[-3825,9]],[[49854,64],[-13,20782],[3836,6],[-34,8253],[-5738,-9],[-22,8302],[-33,3106],[-23,5193],[-9,4238]],[[49854,64],[-5755,17],[-13474,48],[-5740,23],[-17022,66],[-28,9544],[-104,1940],[34,2792],[47,5386],[-2,3139],[32,1739],[-57,532],[19,1597],[38,864],[-41,17952]]],"transform":{"scale":[0.000005089690895821319,0.000003489964899636918],"translate":[-93.97159899991289,42.20914599991825]},"objects":{"tracts":{"type":"GeometryCollection","geometries":[{"arcs":[[0,1]],"type":"Polygon","properties":{"id":"19079960400"}},{"arcs":[[2,-1]],"type":"Polygon","properties":{"id":"19079960300"}},{"arcs":[[3,4,5],[-3,-2]],"type":"Polygon","properties":{"id":"19079960100"}},{"arcs":[[-4,6,7]],"type":"Polygon","properties":{"id":"19079960200"}},{"arcs":[[-5,-8,8]],"type":"Polygon","properties":{"id":"19079960500"}}]}}}