{"type":"Topology","arcs":[[[53993,49945],[4516,105],[1225,-88],[30,16437],[954,1],[-33,11192],[947,-8],[32,11185],[0,11109]],[[61664,99878],[3842,34],[11500,12],[3750,30],[19207,-70],[-5,-5405],[41,-5597],[-42,-584],[-45,-16219],[-23,-5658],[37,-16452],[-36,-653],[59,-6369],[-65,-9621],[6,-9407],[-9,-5579],[3,-15370],[-44,-2775],[-7575,-3],[-7635,-1],[-3810,27],[-8631,25],[-10543,-24],[-7730,-5]],[[53916,214],[6,5575],[56,22336],[-3793,-3],[6,4954],[-12,8535],[3818,-26],[2370,13],[-661,1175],[-1687,3998],[-26,3174]],[[12072,99999],[445,-43],[2628,26],[2735,-159],[3496,19],[419,79],[9437,-45],[1337,52],[542,-29],[2630,-21],[2625,4],[5047,28],[6333,5],[241,-14],[5908,-7],[1879,-12],[1105,-133],[2785,129]],[[53993,49945],[-1360,13],[-1562,425],[-2803,-488],[-597,-48],[-7665,126],[-702,-119],[-2732,-143]],[[36572,49711],[-835,2311],[-850,1463],[41,12953],[-4665,-40],[-203,713],[-1712,10],[-168,708],[-24,2970],[-764,1325],[-20,2208],[-70,393],[-3242,-49],[-213,-81],[160,-1706],[438,-2353],[229,-1861],[-34,-565],[-435,-1671],[-14,-1070]],[[24191,65369],[-595,0],[-41,-9072],[237,-307],[-317,-360],[-391,-656]],[[23084,54974],[-840,862],[-739,453],[-873,242],[-834,-19],[-5215,-645],[-1765,-317],[-412,7287],[-66,749],[-492,2814],[-1255,6346],[-186,1571],[-7,966],[277,2249],[1413,8113],[388,2351],[95,1144],[22,1499],[-523,9360]],[[23084,54974],[3041,-3876]],[[26125,51098],[373,-446],[453,-377],[365,-197],[578,-162],[3281,189],[584,-8],[4813,-386]],[[53916,214],[-14289,-66],[-2885,52],[-855,-200],[-4719,234],[-3808,20],[-4760,-25],[-7745,-27],[-830,48],[-169,479],[-882,1498],[-2402,3157],[-469,864],[-680,1696],[-268,1184],[-394,3112],[-106,2763],[465,4117],[1627,5107],[300,3286],[-149,1277],[-245,1020],[-649,1669],[-1076,1475],[-1090,1173],[-1641,853],[-1516,1352],[-676,809],[-760,1643],[-383,1678],[-58,1330],[223,1275],[500,1813],[1194,3085],[163,2390],[-111,1580],[-161,845],[-265,594],[-1607,2226],[-1939,3125],[-474,1509],[-112,1234],[208,1848],[656,1691],[1496,2177],[1035,1981],[325,1211],[251,1887],[-136,2069],[-437,2894],[-88,6415],[-561,2622],[-2043,5169],[-640,2275],[-261,2662],[-20,1543],[441,1928],[1458,153],[10173,6]],[[26125,51098],[245,587],[1268,1342],[193,643],[-60,3165],[-62,2075],[-535,929],[-501,1500],[-597,985],[-929,2033],[-858,633],[-98,379]]],"transform":{"scale":[0.000004993239939279861,0.0000025926759221252663],"translate":[-95.88348900033735,40.90104500015237]},"objects":{"tracts":{"type":"GeometryCollection","geometries":[{"arcs":[[0,1,2]],"type":"Polygon","properties":{"id":"19129040100"}},{"arcs":[[3,-1,4,5,6,7]],"type":"Polygon","properties":{"id":"19129040202"}},{"arcs":[[-8,8,9,-5,-3,10]],"type":"Polygon","properties":{"id":"19129040201"}},{"arcs":[[-10,11,-6]],"type":"Polygon","properties":{"id":"19129040302"}},{"arcs":[[-12,-9,-7]],"type":"Polygon","properties":{"id":"19129040301"}}]}}}