{"type":"Topology","arcs":[[[48271,50094],[1661,9],[4013,-8],[26,-1466],[300,508],[1783,967],[26,-6407],[8,-3996],[-1,-947]],[[56087,38754],[-1038,28],[-3117,25],[-4,-520],[-1071,-12],[7,-255]],[[50864,38020],[-1012,-6]],[[49852,38014],[-9,1434],[246,3],[-2,905],[-250,2],[-5,333],[-510,6],[-260,-340],[-82,1644],[-79,3441],[-2,605]],[[48899,46047],[-29,1463],[-469,1590],[-130,994]],[[175,51509],[462,-14],[378,-118],[1974,-1422],[15802,61],[6303,9],[5129,4],[481,-32],[1097,38],[5609,8],[10861,51]],[[48899,46047],[-1243,2],[-4818,-135],[-151,-2994],[5,-800],[1058,-740],[475,-429],[302,-1149],[451,-563],[-124,-457],[1149,2]],[[46003,38784],[2,-261],[-891,-5],[-626,-777],[1340,-22],[-4,-1554],[-509,-38],[-2,-481],[517,-1],[-7,-3115],[-1021,-19],[-8,-3091],[3647,-56],[12,-2037],[1504,3],[-148,1648],[-231,1207]],[[49578,30185],[517,-114],[373,-639],[1131,-216],[332,-322],[-5,1320],[403,246],[4804,5],[370,50],[678,-594]],[[58181,29921],[1695,-1491],[3546,-3109],[7270,28],[4,-145],[1890,150],[2268,32],[27,-6555],[67,-18331],[115,-372]],[[75063,128],[-12590,-1],[-5846,-8],[-4047,-54],[-2497,2],[-414,-7],[-767,33],[-2520,-14],[-481,17],[-20611,-10],[-1028,-5],[-19711,-60],[-4193,-21],[-93,18714],[-44,6340],[-61,466],[-34,3678],[-11,2123],[13,8143],[17,2302],[27,8147],[3,1596]],[[49852,38014],[-788,-7],[0,1041],[-2040,-8],[-2,-254],[-1019,-2]],[[68380,99885],[26,-3103],[-50,-308],[-155,-269],[-775,-754],[-788,-1181],[-807,-615],[-663,-842],[-869,-1994],[-84,-434],[-17,-2869],[248,-1044],[586,-1918],[268,-1176],[72,-8274],[-15567,-36],[-2077,-22],[12,-3114],[-46,-254],[-270,-396],[-563,-515],[-157,-424],[46,-13216],[-109,-815],[-195,-1205],[171,-716],[709,-2167],[945,-2130]],[[175,51509],[-52,13647],[18,618],[-26,1531],[-7,3425],[-17,4112],[-65,12092],[-26,12771],[566,-4],[15908,69],[5138,-7],[235,31],[3061,-11],[21661,93],[1172,-61],[1932,68],[8383,4],[8228,-12],[2096,10]],[[56087,38754],[2076,16],[-71,-2257],[67,-2534],[17,-2474],[81,-1457],[-76,-127]],[[49578,30185],[-359,2344],[-262,2064],[-11,1041],[119,646],[8,711],[1798,8],[-7,1021]],[[68380,99885],[6324,26],[3991,7],[6984,37],[299,-16],[2320,21],[841,-2],[6262,22],[4181,19],[-3,-7104],[73,-17671],[22,-4227],[53,-11419],[10,-5194],[27,-4150],[57,-16463],[25,-3286],[61,-4996],[-21,-12771],[43,-538],[2,-3620],[9,-1864],[59,-2200],[-47,-2168],[12,-2077],[-2164,-1],[-10299,-63],[-12438,-59]]],"transform":{"scale":[0.0000046135561358338565,0.0000034848548486354987],"translate":[-92.87142100028986,41.16106599977733]},"objects":{"tracts":{"type":"GeometryCollection","geometries":[{"arcs":[[0,1,2,3,4]],"type":"Polygon","properties":{"id":"19123950400"}},{"arcs":[[5,-5,6,7,8,9,10]],"type":"Polygon","properties":{"id":"19123950300"}},{"arcs":[[-4,11,-7]],"type":"Polygon","properties":{"id":"19123950600"}},{"arcs":[[12,-6,13]],"type":"Polygon","properties":{"id":"19123950200"}},{"arcs":[[-2,14,-9,15]],"type":"Polygon","properties":{"id":"19123950500"}},{"arcs":[[16,-10,-15,-1,-13]],"type":"Polygon","properties":{"id":"19123950100"}},{"arcs":[[-12,-3,-16,-8]],"type":"Polygon","properties":{"id":"19123950700"}}]}}}