{"type":"Topology","arcs":[[[36232,59050],[3028,484],[883,-243],[4237,2326],[4881,4392],[1181,1474],[1693,3271],[2876,4101]],[[55011,74855],[1684,-937],[1151,822],[1511,364],[110,-353],[1627,1774],[1070,1609],[1407,-4032],[-57,-1940],[737,-3144],[-399,-2303],[-488,-1518],[484,-3461],[763,-3208],[619,-1613],[-463,-830],[652,-1731],[-667,-1659],[113,-652],[655,-605],[832,-1333],[395,-1950],[-627,-1842],[-63,-1800],[-496,-1434],[-1629,-2164],[-1837,-1189],[-1168,-242],[-4245,1012],[-1050,-81],[-614,-436],[-641,-917],[-1448,-2762],[-586,-1726]],[[52343,34574],[-1724,1058],[-956,792],[-1101,1712],[-158,1821],[664,2525],[-221,814],[-819,846],[-640,-500],[-322,-1788],[-706,-644],[-894,-210],[-1059,253],[-881,1021],[-751,375],[-1225,-218],[-1008,-969],[-786,-385],[-821,449],[-420,939],[-1554,7007],[-508,3607],[-243,4183],[22,1788]],[[55011,74855],[1723,2457],[-19,463],[1398,2706],[922,529],[4563,5164],[1909,2566],[3073,2074],[1825,1541],[2875,3862],[4352,3782],[8216,-24146],[7063,-21202],[7057,-9600],[32,-1342],[-555,-1185],[-278,-1711],[286,-1283],[-98,-695],[-2267,-232],[-1292,-817],[-925,2385],[-619,229],[-743,-1605],[-903,-5],[-462,-533],[-1043,-575],[-55,-1227],[299,-417],[-503,-1153],[-45,-1170],[-884,-2694],[-813,-634],[-1041,897],[-895,-2172],[-1135,-1159],[-524,-161],[-1072,781],[-1262,565],[-297,512],[-833,-33],[-1287,-1149],[-1166,88],[-302,-1336],[129,-903],[946,-1550],[-58,-1573],[-982,-865],[-1063,-359],[-805,-3278],[-833,-773],[-3195,-1245],[-952,769],[-280,1354],[-944,29],[-633,-1213],[-660,-425],[-698,112],[-721,-357],[-570,-1828],[-376,-638],[-1221,-1272],[170,-1069],[977,-1230],[25,-556],[-714,-898],[48,-1605],[-506,-361],[-801,1325],[-806,310]],[[64763,9121],[-408,839],[-1289,1385],[-229,1184],[329,2731],[-115,1394],[-1927,2918],[-1144,2230],[-1612,3543],[-1067,728],[-1350,631],[-422,1122],[-62,1413],[861,1587],[-226,1258],[-1635,1336],[-2124,1154]],[[64763,9121],[-23421,-6244],[-10812,-2877],[-365,1160],[-753,1576],[3,882],[-503,1672],[159,1442],[-420,1962],[424,1383],[801,1544],[-72,952],[-563,1366],[-758,985],[37,1494],[-409,1153],[-1414,1602],[-395,1020],[-509,487],[-287,1722],[284,2233],[281,1208],[-7465,16010],[-11756,25372],[-5995,12853],[-855,5711],[6964,2939],[4028,446],[2635,-391],[2575,-814],[2395,-1317],[3121,-3272],[2864,-7600],[2222,-6674],[1280,-2701],[1974,-3031],[2196,-2064],[3107,-1430],[871,-830]]],"transform":{"scale":[0.000003986805345922733,0.0000018182485593869624],"translate":[-85.33309053434861,38.58021600012034]},"objects":{"tracts":{"type":"GeometryCollection","geometries":[{"arcs":[[0,1,2]],"type":"Polygon","properties":{"id":"21041950200"}},{"arcs":[[3,4,-2]],"type":"Polygon","properties":{"id":"21041950100"}},{"arcs":[[-3,-5,5]],"type":"Polygon","properties":{"id":"21041950300"}}]}}}