{"type":"Topology","arcs":[[[47772,99853],[-115,-1095],[17,-1800],[123,-1714],[224,-1786],[106,-1383],[0,-3315],[-140,-3599],[-354,-1902],[47,-749],[637,-6165],[778,-4091],[118,-1094],[-70,-2017],[-283,-1441],[-470,-1647],[-2138,-2181],[-1318,-579],[-380,241],[-258,-9334],[-104,-5],[-69,-1003],[-24,-1877],[25,-1256],[-12,-1389],[244,-350],[581,-435],[1320,-1143],[1040,-334],[219,266],[446,-132],[582,-388],[640,-34],[697,-320],[648,-10],[553,-305],[136,-487],[622,-557],[1136,310],[-4,-1319],[1092,244],[174,-380],[5,-623],[84,-253],[-1053,-139],[-1,-1375]],[[53273,40908],[-518,135],[-1156,47],[-1275,-234],[-1220,-317],[-1365,-678],[-1427,-929],[-1998,-1106],[-1509,310],[-1843,553],[-1970,332],[-1714,157],[-2479,70],[-1618,-117],[-1328,-287],[-1817,-575],[-1735,-664],[-994,-309],[-1581,-664],[-1157,-288],[-2220,-627],[-3554,-1363],[-2218,-1044],[-2165,-1235],[-1979,-1627],[-1089,-1072],[-1261,-1593],[-454,-410],[-891,-1193],[-811,-1447],[-589,-1115],[-1,-279],[-399,-954],[-1919,7169],[-518,2449],[-298,491],[-1132,957],[-214,511],[-167,1804],[229,1852],[-231,1204],[-351,920],[-1820,2888],[-311,967],[-176,1613],[-30,1258],[92,1434],[400,1966],[485,1321],[1189,2572],[764,1328],[1386,1820],[675,1185],[641,1484],[1275,4021],[608,2467],[865,4387],[187,1266],[214,3087],[450,4164],[335,1719],[552,2031],[208,1008],[253,2106],[240,861],[362,663],[249,257],[557,226],[186,518],[52,719],[628,1960],[376,933],[754,802],[247,395],[178,690],[44,1852],[130,998],[1114,2976],[161,224],[7788,-16],[6670,-81],[14356,102],[3101,-60]],[[47772,99853],[1135,-40],[1800,-19],[3752,46],[2580,65],[824,-73],[1741,168],[610,-48],[675,37],[5,-3048],[8092,70],[1948,-46],[3954,-47],[78,30],[5731,42],[8474,156],[1364,-429],[299,-24],[9053,205],[-10,-3146],[75,-22238],[-25,-203],[72,-31029],[-29,-5120],[-38,-357],[-176,-34805],[-408,171],[-145,288],[-9,709],[-81,421],[-262,332],[-524,288],[-325,-66],[-118,-776],[-741,266],[-36,377],[-217,111],[-434,0],[-479,509],[-723,576],[-1301,1529],[-795,487],[-1075,908],[-597,421],[-640,585],[-517,567],[-768,1019],[-488,708],[-370,930],[-199,200],[-154,-222],[-388,133],[-425,355],[-642,952],[-605,797],[-380,354],[-695,820],[-1184,1461],[-976,1262],[-1085,1085],[-2186,2612],[-2368,2922],[-1826,2213],[-939,974],[-723,863],[-687,752],[-1202,1106],[-858,509],[-1135,130],[-284,1198],[-1473,1350],[-2567,1991],[-994,442],[-777,553],[-3434,2234],[-3313,2102],[-2776,1101],[-1155,299]]],"transform":{"scale":[0.000013150781511403395,0.000004664259894661065],"translate":[-93.92920800022029,29.58621101044416]},"objects":{"tracts":{"type":"GeometryCollection","geometries":[{"arcs":[[0,1]],"type":"Polygon","properties":{"id":"22023970201"}},{"arcs":[[2,-1]],"type":"Polygon","properties":{"id":"22023970100"}}]}}}