{"type":"Topology","arcs":[[[53396,36459],[3794,887],[1489,1267],[2787,213]],[[61466,38826],[469,-2243],[3013,-5201],[-934,-4752],[-348,-767],[68,-250],[-547,-255],[-178,-1163],[-45,-46],[-258,-326],[-281,-512]],[[62425,23311],[-805,1396],[-680,-716],[30,-89],[-824,-328],[-2593,746],[-1744,869],[-217,57],[-227,-109],[-903,-1299],[-393,852],[-1586,21],[-829,752],[-562,1849]],[[51092,27312],[340,1894],[1621,256],[1267,-635],[167,1961],[-646,1753],[83,775],[-355,2706],[-173,437]],[[61466,38826],[729,56],[2885,879],[1844,2068],[3744,4198],[4721,8407],[4227,11501],[1980,13848],[111,5198],[-1814,4200],[-1225,2552],[-1970,1655],[-1166,1340],[-1139,2798],[146,2473],[1809,-1555],[1538,-3412],[4867,-9796],[7451,-25409],[1232,-4203],[3591,-12244],[674,-2298],[1882,-6418],[630,-2150],[1758,-5997],[18,-5997],[10,-3230],[-1131,-5960],[-1134,-2865],[-1975,-2895],[-2873,-1619],[-4753,-2681],[-3903,-1270],[-6230,2259]],[[78000,2259],[49,302],[554,2212],[241,357],[-266,394],[-1155,12855],[-1992,656],[-6988,2304],[-361,60],[-4092,104],[-506,52],[-190,-7]],[[63294,21548],[-619,1410],[-250,353]],[[78000,2259],[-1948,707],[-2695,977],[-6278,352],[-2405,135],[-2554,-946],[-1563,-1412],[-755,-388],[-4707,1057]],[[55095,2741],[54,971],[659,-64],[710,467],[879,131],[1106,-219],[1292,457],[176,1082],[-399,289],[181,1297],[-588,232],[1521,6553],[9,-22],[3010,6483],[-389,1033],[-22,117]],[[51092,27312],[-791,-1114],[-43,-908],[-1022,-3590],[-1003,-2196],[-595,-1740],[-390,-1865],[-2748,-3479],[-204,-540],[-344,-273],[-1819,-55],[-227,-294]],[[41906,11258],[-2117,1402],[-7242,6325],[-4819,4208],[-2545,2223],[-3371,3912],[-1157,1343],[886,348],[3676,-2439],[1771,-1510],[953,-2556],[2860,580],[2247,2440],[613,4066],[-1158,2672],[-1838,-1742],[-1498,464],[499,1663],[1884,3216],[1634,349],[1839,-1440],[4066,-97],[2789,-67],[8919,-215],[2140,-51],[459,107]],[[9162,47185],[175,505],[1047,-267],[558,238],[1011,-30],[611,119],[698,50],[2714,-1828],[1984,-1597],[1072,-1823],[212,-1585],[56,-745],[466,-1562],[124,-1026],[-367,-565],[-401,-476],[-227,-714],[192,-1667],[-35,-892],[-453,-684],[-959,327],[-1396,2857],[-976,1249],[-1064,684],[-541,1072],[-2024,2678],[-1290,2440],[-1012,2022],[-175,1220]],[[79,63805],[248,1057],[1084,480],[2038,-481],[1484,70],[661,-953],[113,-847],[-440,-884],[-1613,-154],[-1725,-538],[-1286,-135],[-643,1423],[79,962]],[[55095,2741],[-499,113],[-6787,4494],[-5903,3910]]],"transform":{"scale":[0.000003490674912654432,0.0000015373953796749152],"translate":[-70.30924500036369,41.23796399972363]},"objects":{"tracts":{"type":"GeometryCollection","geometries":[{"arcs":[[0,1,2,3]],"type":"Polygon","properties":{"id":"25019950100"}},{"arcs":[[4,5,6,-2]],"type":"Polygon","properties":{"id":"25019950500"}},{"arcs":[[-6,7,8]],"type":"Polygon","properties":{"id":"25019950400"}},{"arcs":[[[-4,9,10]],[[11]],[[12]]],"type":"MultiPolygon","properties":{"id":"25019950307"}},{"arcs":[[-3,-7,-9,13,-10]],"type":"Polygon","properties":{"id":"25019950200"}}]}}}