{"type":"Topology","arcs":[[[24937,99504],[5497,46],[145,16],[3310,11],[12441,121],[3450,43],[3905,-13],[4188,-26],[16548,5]],[[74421,99707],[38,-8213],[53,-572],[-63,-837],[56,-10927],[-6,-4131]],[[74499,75027],[-14536,-104],[-6215,-44]],[[53748,74879],[-4978,-22],[-5161,-51],[-3108,-12],[-844,9],[-3256,-31],[-11440,15]],[[24961,74787],[-25,2027],[-23,14443],[24,8247]],[[74499,75027],[98,-12393],[39,-5876],[26,-2409],[8,-2017],[-42,-2050]],[[74628,50282],[-1992,-44],[-549,16],[-10351,-48],[-335,54],[-180,-119],[-2899,-14],[-8204,-50]],[[50118,50077],[-28,4126],[3772,19],[-63,9171],[334,4],[-14,526],[-324,250],[-23,2527],[0,1982],[-17,2053],[-7,4144]],[[24961,74787],[-4240,7],[-483,-18],[-1637,2],[-8993,-117],[-1251,32],[-8261,-147]],[[96,74546],[-38,10359],[-44,6189],[-9,2056],[3,5184],[-8,912],[8247,116],[6217,65],[3966,79],[1423,-37],[5084,35]],[[74421,99707],[8242,119],[111,31],[2640,1],[3126,16],[125,15],[10778,110],[-84,-7945],[12,-413],[-210,-16480],[43,-12498],[53,-8255],[22,-2818],[-5,-1299],[34,-4103]],[[99308,46188],[-4084,-57],[-4228,-23],[-11,4113],[-8340,87],[-8017,-26]],[[433,49873],[6188,42],[1521,-8],[436,14],[6209,5],[136,32],[1469,0],[4552,14],[4131,18]],[[25075,49990],[-11,-38],[78,-3933],[146,-10358],[50,-10325]],[[25338,25336],[-14791,-33],[-569,-44],[-277,52],[-2461,11],[-2141,19],[-535,-81],[-498,88],[-394,-9],[-3159,44]],[[513,25383],[6,4125],[17,2069],[1,1679],[-34,8545],[-12,6959],[-42,219],[-16,894]],[[25338,25336],[-7,-2467],[72,-186],[-7,-3624],[15,-1097],[-30,-3306],[-2,-4057],[7,-2069],[17,-8396]],[[25403,134],[-6277,155],[-14856,218],[-1513,4],[-2256,-25],[-51,4198],[-1,8294],[9,2384],[21,1753],[34,8268]],[[25075,49990],[4318,49],[11050,-17],[4407,-41],[373,120],[1396,-56],[3499,32]],[[50118,50077],[-23,-6327],[-30,-10358],[-30,-6219],[9,-2055],[-5,-2185],[64,-12544],[21,-4146],[13,-1007],[-100,-5206]],[[50037,30],[-6321,-30],[-16269,123],[-2044,11]],[[99308,46188],[149,-15058],[20,-866],[57,-4785],[139,-8448],[326,-16547],[-11564,-130],[-6050,-39],[-5626,-47],[-1726,-20]],[[75033,248],[13,4155],[-19,2064],[-91,16409],[-44,124],[-14,2238],[-160,14514],[-21,2048],[-31,2082],[-38,6400]],[[25075,49990],[-64,10695],[-31,134],[-15,3615],[-4,2047],[0,8306]],[[75033,248],[-797,6],[-3788,-20],[-7804,-105],[-2625,-11],[-3554,-47],[-4417,-37],[-2011,-4]],[[433,49873],[-73,4143],[-64,6128],[-69,6243],[-56,4095],[-75,4064]]],"transform":{"scale":[0.000004739597399663598,0.0000035105951112715127],"translate":[-85.54556399996949,42.419727999754514]},"objects":{"tracts":{"type":"GeometryCollection","geometries":[{"arcs":[[0,1,2,3,4]],"type":"Polygon","properties":{"id":"26015010200"}},{"arcs":[[-3,5,6,7]],"type":"Polygon","properties":{"id":"26015011300"}},{"arcs":[[-5,8,9]],"type":"Polygon","properties":{"id":"26015010300"}},{"arcs":[[10,11,-6,-2]],"type":"Polygon","properties":{"id":"26015010100"}},{"arcs":[[12,13,14,15]],"type":"Polygon","properties":{"id":"26015010401"}},{"arcs":[[-15,16,17]],"type":"Polygon","properties":{"id":"26015010500"}},{"arcs":[[18,19,20,-17,-14]],"type":"Polygon","properties":{"id":"26015010600"}},{"arcs":[[-12,21,22]],"type":"Polygon","properties":{"id":"26015010800"}},{"arcs":[[-4,-8,-19,23]],"type":"Polygon","properties":{"id":"26015011400"}},{"arcs":[[-7,-23,24,-20]],"type":"Polygon","properties":{"id":"26015010700"}},{"arcs":[[-9,-24,-13,25]],"type":"Polygon","properties":{"id":"26015010402"}}]}}}