{"type":"Topology","arcs":[[[4056,51845],[563,10],[6199,-213],[7014,-155],[4113,-1300],[1194,-437],[964,-169],[797,-396],[1175,-133],[806,-115],[1165,-336],[2326,-761],[535,-19],[229,-126],[4942,-166],[7836,-164],[936,-254],[1088,-29],[439,81],[886,303]],[[47263,47466],[33,-151],[-46,-1780],[1953,-38],[761,-1957],[333,-1636],[17,-619],[139,-331],[628,-683],[224,-2069],[22,-589],[756,-2025],[484,-969],[827,-1600],[1496,-2939],[408,-1057],[1232,-2014],[704,-846],[798,-1159],[504,-461],[541,-361],[1753,-1610],[98,-390],[-5,-1365],[383,-573],[65,-162],[48,-802],[84,-2321],[169,-1833],[36,-1483],[-120,-4001],[219,-918],[563,-702],[176,-535],[-37,-355],[-500,-2045],[-248,-375],[-1086,-846],[-278,-488],[133,-1052],[229,-513],[522,-807]],[[61281,1006],[-153,22],[-2754,91],[-7885,212],[-5968,153],[-3043,88],[-2995,121],[-1356,70],[-2584,17],[-4020,102],[-3720,102],[-2490,-24],[-21856,519],[54,1745],[115,5272],[479,14064],[7,83],[169,5900],[206,6094],[222,5628],[185,6735],[75,167],[34,2248],[53,1430]],[[43691,95138],[2832,-100],[2239,-138],[6489,-254],[12408,-402],[6094,-223],[4495,-98],[2467,-44],[13247,-288],[2829,-68],[-134,-3616],[-324,-6981],[-296,-7045],[2919,-94],[1043,9],[-444,-13287],[-91,-2578],[37,-1394],[-204,-5774]],[[99297,52763],[-120,-27],[-7782,-2716],[-4141,-1375],[-1690,-467],[-843,148],[-2891,106],[-504,-78],[-3755,-1282],[-3471,-517],[-1026,-399],[-676,-148],[-867,-615],[-796,-46],[-520,285],[-1284,824],[-1387,54],[-859,71],[-4527,-594],[-363,-4],[-6879,219],[-421,168],[-1757,1319],[-359,177],[-447,103],[-2955,82],[-920,-313]],[[48057,47738],[-577,1332],[3,847],[-1446,48],[24,1681],[94,3561],[88,2479],[-152,167],[-3808,93],[24,1557],[-789,1780],[-98,472],[111,2382],[323,895],[-310,595],[136,3289],[448,580],[282,1078],[99,2674],[-157,2371],[-353,1171],[45,670],[-133,766],[-983,1024],[-547,877],[-748,872],[-464,1374],[460,742],[85,1692],[167,854],[434,918],[224,4917],[195,221],[2490,-100],[235,128],[118,857],[114,2536]],[[48057,47738],[-794,-272]],[[4056,51845],[323,8796],[69,1792],[471,14218],[78,2079],[-2001,45],[-2996,87],[88,1767],[148,4384],[248,4461],[103,2681],[292,7844],[2327,-81],[9692,-259],[-196,-3565],[10150,-315],[5736,-146],[4099,-150],[5229,-141],[5602,-185],[173,-19]],[[99297,52763],[-176,-7043],[-214,-7024],[51,-528],[-345,-9960],[-248,-10620],[-205,-8761],[-43,-1625],[-144,-7202],[-7955,263],[-4369,159],[-2604,-20],[-4898,94],[-353,34],[-11416,280],[-4944,225],[-153,-29]]],"transform":{"scale":[0.000004592605929315105,0.000004122351223091219],"translate":[-93.63243899988996,37.41720399989706]},"objects":{"tracts":{"type":"GeometryCollection","geometries":[{"arcs":[[0,1,2]],"type":"Polygon","properties":{"id":"29167960400"}},{"arcs":[[3,4,5]],"type":"Polygon","properties":{"id":"29167960200"}},{"arcs":[[-6,6,-1,7]],"type":"Polygon","properties":{"id":"29167960100"}},{"arcs":[[-7,-5,8,-2]],"type":"Polygon","properties":{"id":"29167960300"}}]}}}