{"type":"Topology","arcs":[[[19352,99941],[7587,-18],[15473,54],[22570,2],[5064,-9],[5257,-70],[2964,-1],[21732,19],[-5,-10502],[-34,-22261],[0,-6789],[-25,-16597],[-14,-14563],[-18,-16649],[-30,-12486],[-19620,-71],[-13671,76],[-13183,38],[-2199,20],[-20554,19],[-5641,17],[-14808,-37],[-135,15]],[[10062,148],[117,1303],[-681,628],[-131,809],[740,367],[628,-76],[444,-234],[647,-63],[1282,-640],[412,16],[1042,428],[359,773],[866,381],[-54,427],[-966,9],[-340,483],[405,537],[1091,74],[285,-507],[419,-354],[388,-29],[1648,-726],[499,-104],[685,85],[266,672],[-34,751],[534,573],[1044,-264],[878,25],[1815,706],[657,47],[572,211],[997,-223],[1261,116],[1436,510],[397,246],[1121,286],[1178,396],[935,9],[547,-265],[830,-689],[942,-157],[382,170],[839,1009],[-60,1753],[359,476],[964,299],[1399,-681],[673,-753],[782,0],[829,805],[254,379],[211,1389],[-136,1246],[239,552],[614,647],[369,76],[1037,561],[1701,1953],[1165,1934],[59,283],[1255,1355],[1115,2529],[132,1102],[1661,1649],[1451,640],[1324,1007],[512,1765],[281,511],[777,611],[734,-10],[356,180],[1810,1689],[1322,1521],[684,1657],[446,1543],[738,1329],[1485,1657],[1314,360],[761,738],[272,736],[-144,523],[320,606],[-313,1241],[119,928],[1535,1574],[415,906],[80,1254],[-126,1598],[668,508],[620,166],[547,-25],[1014,197],[941,597],[484,762],[59,754],[-454,1480],[-85,811],[353,716],[1433,1686],[858,1801],[427,2905],[358,1167],[1219,1717],[-2286,199],[-1870,-219],[-830,-648],[-229,-525],[-1004,-1136],[-817,-502],[-913,-89],[-743,434],[-1236,20],[-1125,-344],[-613,-372],[-1035,179],[-1139,970],[-294,454],[-737,787],[-701,417],[-673,-104],[-339,-558],[-525,-561],[-600,-429],[-904,160],[-487,518],[-787,624],[-1352,684],[-985,264],[-733,-235],[-406,-328],[-619,-878],[-557,-376],[-884,-162],[-861,540],[-365,753],[-931,643],[-1348,480],[-2174,641],[-1679,288],[-508,207],[-536,1093],[-142,715],[176,1350],[-18,772],[-508,1431],[-608,683],[-228,534],[-248,1181],[11,1967],[-396,611],[-229,897],[-634,1161],[-643,627],[-1739,1121],[-643,1020],[-612,635],[-1010,564],[-1365,938],[-615,994],[-207,1354],[-683,1016],[-1118,982],[-558,1079],[-196,2009],[-904,1216],[-393,269],[-718,834],[-692,595],[-1411,841],[-871,964],[-690,1158],[-1561,1142],[-363,141],[-1267,53],[-1401,974]],[[10062,148],[-4184,12],[-5739,-9],[-139,16830],[299,2397],[141,1620],[3,2125],[-327,2057],[28,12514],[140,8343],[180,16734],[149,13600],[0,3008],[-54,2520],[-5,5796],[492,12303],[2699,1],[15607,-58]]],"transform":{"scale":[0.000004625876257897941,0.0000034806848017078627],"translate":[-98.74916700000058,41.046116000193884]},"objects":{"tracts":{"type":"GeometryCollection","geometries":[{"arcs":[[0,1]],"type":"Polygon","properties":{"id":"31093970500"}},{"arcs":[[-2,2]],"type":"Polygon","properties":{"id":"31093970600"}}]}}}