{"type":"Topology","arcs":[[[87403,99965],[8393,28],[4128,6],[28,-3793]],[[99952,96206],[-1293,-546],[-866,-462],[-726,-610],[-2933,-2657],[-143,-199],[-879,-1977],[-566,-1347],[-681,-3393],[-244,-414],[-387,-278]],[[91234,84323],[-96,448],[-78,127],[-111,1],[3,-523],[-1422,-34]],[[89530,84342],[-297,1081],[-750,-195],[-1052,136]],[[87431,85364],[-17,2062],[22,2115],[-16,2066]],[[87420,91607],[-31,6566],[14,1792]],[[70710,99910],[4256,18],[6294,21],[6143,16]],[[87420,91607],[-4135,-21],[-8,-353],[15,-5020],[-33,-4144],[-79,-114]],[[83180,81955],[-864,719],[-700,263],[79,270],[-2619,51],[-236,-42],[-824,19],[-3035,-54],[-1591,7],[-2599,19]],[[70791,83207],[-81,16703]],[[87431,85364],[-1538,-11],[-6,-1070],[6,-1707],[45,-1483],[251,-422]],[[86189,80671],[-812,-6],[0,-452],[-28,-111],[-2169,1853]],[[91234,84323],[154,-361],[260,-197],[0,-1146],[-6,-2428],[8,-1043]],[[91650,79148],[-2021,-12],[-598,0],[-3,1022]],[[89028,80158],[-4,1193],[5,600],[-8,2386],[509,5]],[[86189,80671],[114,-450],[785,-238],[383,392],[0,-194],[1557,-23]],[[91650,79148],[1508,29],[1339,-39],[1300,17],[54,23],[1402,50],[2732,5]],[[99985,79233],[-25,-4172],[9,-2376],[2,-5933]],[[99971,66752],[-4183,-42],[-4153,-22],[-4192,-22],[-3095,-29],[-1950,-8],[-1160,4],[-2069,-10]],[[79169,66623],[0,2099],[-7,2045],[11,2094],[-3047,-44],[-1115,-20],[-2,731],[4,1315],[473,9],[122,128],[117,233],[243,654],[21,119],[-40,3048],[-931,-9],[-4208,21],[-19,4161]],[[264,45751],[8238,-19],[4168,17],[8,4187],[4164,4],[8323,-9],[4205,20],[20791,73],[10342,-61],[2088,-7],[4159,-4],[2,13044],[-11,3593],[5106,21],[1234,6],[1948,-50],[2088,47],[2052,10]],[[99971,66752],[-3,-8316],[5,-2092],[-2,-2070],[3,-4152],[6,-1815],[-4,-2357],[-2,-2141],[12,-10329],[3,-8353],[-41,-1671],[45,-2411],[6,-10309],[-4,-10457],[-6205,-15],[-6205,-7],[-4142,-10],[-2089,-3],[-6225,-14],[-8339,-25],[-2062,-6],[-14385,-39],[-2100,-3],[-4169,-10],[-8327,-29],[-1990,-9],[-4170,-9],[-2221,-12],[-2075,-8],[-11064,-31],[-100,12],[-948,-17],[-1068,4],[-1405,-5],[-5313,-43],[-852,40],[-725,-31],[-3324,-9],[-125,16635],[-27,8309],[-20,4158],[-20,8327],[-22,4161],[-36,2094],[22,2067]],[[99952,96206],[45,-8788],[-12,-8185]],[[264,45751],[4,4165],[-48,6260],[-10,2070],[-73,16665],[-37,9368],[-15,4486],[-2,4250],[-35,279],[31,702],[-36,5448],[-43,219],[375,32],[24580,104],[8347,12],[4175,6],[8313,2],[4170,-10],[7892,6],[426,50],[2126,6],[2046,2],[6267,27],[1993,10]]],"transform":{"scale":[0.000004664876646635515,0.0000034869148689147356],"translate":[-97.83453599985454,41.74223400016805]},"objects":{"tracts":{"type":"GeometryCollection","geometries":[{"arcs":[[0,1,2,3,4,5]],"type":"Polygon","properties":{"id":"31119960700"}},{"arcs":[[6,-6,7,8,9]],"type":"Polygon","properties":{"id":"31119960802"}},{"arcs":[[-5,10,11,-8]],"type":"Polygon","properties":{"id":"31119960801"}},{"arcs":[[-3,12,13,14]],"type":"Polygon","properties":{"id":"31119961000"}},{"arcs":[[-9,-12,15,-14,16,17,18,19]],"type":"Polygon","properties":{"id":"31119961100"}},{"arcs":[[20,-19,21]],"type":"Polygon","properties":{"id":"31119961300"}},{"arcs":[[-2,22,-17,-13]],"type":"Polygon","properties":{"id":"31119960600"}},{"arcs":[[-4,-15,-16,-11]],"type":"Polygon","properties":{"id":"31119960900"}},{"arcs":[[-10,-20,-21,23]],"type":"Polygon","properties":{"id":"31119961200"}}]}}}