{"type":"Topology","arcs":[[[8510,48430],[409,-209],[637,-74],[450,74],[592,362],[707,-38],[457,97],[562,5],[518,108],[729,8],[194,76],[341,-225],[881,156],[737,242],[1019,64],[449,166],[745,-251],[208,6],[277,229],[589,-272],[354,-77],[434,201],[286,-74],[315,117],[897,145],[820,277],[92,108],[426,74],[251,147],[732,111],[1022,359],[568,327],[-942,6321],[4269,2118],[1394,655],[1123,-961],[-693,-439],[892,-781],[745,366],[712,-614],[1927,951],[-2789,2407],[989,541],[-2008,1745],[-1063,-544],[-892,851],[-1100,964],[615,325],[263,-150],[2202,1072],[-259,245],[3088,1518],[-4033,3480],[-181,221],[-237,507],[512,71],[482,355],[845,492],[432,457],[358,149],[401,332],[334,122],[138,-97],[4237,2158],[746,388],[6861,3477],[2233,-1950],[2244,-1896]],[[49053,75525],[279,-234],[-11832,-6061],[566,-530],[1198,-954],[776,-674],[7437,-6412],[12530,-10897],[82,-18],[1304,-1129],[4447,-3921]],[[65840,44695],[965,-7410],[44,-943],[140,-660],[387,-3508],[100,-795],[677,-4593],[-3161,-1519],[-7272,-3529],[3220,-2772],[-13537,-664],[509,-3370],[235,-1481],[1756,-11442]],[[49903,2009],[-7178,-369],[-1983,-91],[-204,-66],[-21708,6721],[48,-316],[-4308,1337],[-14570,4589],[3994,5816],[7215,10395],[-190,1479],[-54,175],[-2318,15713],[-137,1038]],[[65840,44695],[12598,6401],[806,-699],[1597,-1551]],[[80841,48846],[2554,-15045],[1230,-7402],[1503,-9085],[1222,-6569],[802,-4199],[405,-2208],[-7366,-451],[-2867,-191],[403,-2954],[-8739,-529],[-3611,-213],[-488,2975],[-1669,-96],[-752,-11],[-832,-88],[-10069,-605],[-2664,-166]],[[49053,75525],[11003,5544],[946,427],[3616,-3059]],[[64618,78437],[51,-62],[7373,-6170],[413,-387],[4491,-3784],[2654,-2220],[311,107],[1016,935],[196,102],[651,53],[412,197],[340,78],[1409,-61],[338,11],[768,317],[743,-81],[514,285],[636,120],[536,5],[481,-77],[469,-153],[306,-224],[102,-346],[-92,-513],[680,-20],[382,-280],[923,-262],[286,-257],[419,-140],[877,-90],[767,-342],[761,103],[625,-190],[275,38],[184,314],[275,149],[271,-73],[717,-389],[969,-334],[817,-238],[1081,-153],[842,-196],[-2,-248],[-145,-344],[-332,-261],[126,-242],[261,-208],[204,-367],[-370,-569],[-600,-632],[-159,-539],[27,-494],[-59,-545],[-222,-430],[4,-229],[-171,-349],[15,-282],[-18973,-1727],[1350,-7897]],[[8510,48430],[-1561,10592],[-336,2137],[-819,5497],[-1013,6962],[-3133,20810],[10475,830],[3598,245],[10891,940],[13866,1204],[18292,1360],[1249,76],[11288,916],[2494,-13301],[50,-111],[605,-3230],[-9838,-4920]]],"transform":{"scale":[0.000008215812157268077,0.000009058770587438833],"translate":[-74.86771200002285,43.21468399971085]},"objects":{"tracts":{"type":"GeometryCollection","geometries":[{"arcs":[[0,1,2,3]],"type":"Polygon","properties":{"id":"36041950500"}},{"arcs":[[4,5,-3]],"type":"Polygon","properties":{"id":"36041950400"}},{"arcs":[[6,7,-5,-2]],"type":"Polygon","properties":{"id":"36041950300"}},{"arcs":[[-7,-1,8]],"type":"Polygon","properties":{"id":"36041950100"}}]}}}