{"type":"Topology","arcs":[[[63978,57726],[-14405,-28],[19,-3857],[-12872,-19],[-19,-3909],[-5647,-30],[-20068,-37],[2,-1927],[-10448,55]],[[540,47974],[-1,9458],[0,19623],[0,10488],[-539,0],[17,151],[-12,2870],[92,9430],[26547,5],[14684,-2],[8646,-14],[63,-22],[13905,-33],[64,-8306],[38,-1740],[-28,-113],[-53,-6967],[0,-1938],[-21,-13497],[36,-9641]],[[63978,57726],[46,-862],[43,-3004],[1439,10],[-7,-5833],[-34,-5166],[22876,-18],[11489,50],[-11,-10105],[180,-10043],[-393,99],[-990,-51],[-1587,-183],[-1303,81],[-2331,-79],[-541,-71],[-908,-242],[-969,-185],[-1496,-159],[-862,-197],[-1117,-416],[-646,-311],[-1110,-1173],[-1238,-732],[-310,-34],[-928,108],[-466,-232],[-896,-648],[-342,-126],[-554,-877],[-169,-679],[-816,-1232],[-103,-1182],[-465,-405],[-50,-883],[-299,-321],[-448,-1217],[-226,-249],[-1508,-789],[-160,-187],[-957,-677],[-405,-237],[-284,-421],[-1357,-779],[-841,-314],[-365,-517],[-38,-204],[390,-1010],[-100,-316],[-758,-780],[-253,-524],[-298,-1205],[-551,-348],[-988,-98],[-1492,-406],[-1015,-98],[-624,-132],[-1361,-84],[-924,-176],[-593,-362],[-271,-294],[-604,-469],[-676,-330],[-404,-282],[-464,-120],[-617,134],[-845,-53],[-853,72],[-1211,362],[-1197,451],[-516,121],[-1806,224],[-2151,-106],[-576,0],[-655,99],[-390,151],[-947,215],[-1429,237],[-2310,464],[-901,370],[-189,417],[-884,613],[-1443,633],[-643,618],[-650,303],[-636,102],[-466,-14],[-946,-232],[-305,-18],[-949,253],[-858,486],[-420,138],[-327,230],[-268,609],[-71,366],[-394,292],[-609,120],[-257,316],[-454,318],[-1076,348],[-789,503],[-100,277],[-49,1020],[-425,562],[-670,382],[-174,190],[-35,697],[518,895],[-323,375],[-88,240],[1,1045],[296,932],[489,500],[416,999],[-341,1140],[-246,486],[164,615],[-399,388],[26,303],[-354,853],[-701,403],[-567,169],[-998,158],[-1109,106],[-1202,62],[-1502,-95],[-680,-126],[-558,-192],[-1526,-1132],[-703,-567],[-543,-295],[-501,-121],[-1104,6],[-332,46],[-638,-45],[-813,-340],[-167,-155],[-1,-773],[-101,-160],[-1155,-762],[-581,-435],[-387,-199],[-361,-333],[-149,-294],[-174,-923],[201,-1193],[98,-211],[581,-279],[216,-372],[17,-375],[-449,-1146],[-1293,-672],[-399,-168],[-361,-266],[-637,-818],[-1497,-555],[-1416,-399],[-925,-344],[-1143,-281],[-556,-235],[-663,-486],[-522,-570],[-274,-204],[-545,-238],[-824,-166],[-718,-287],[-598,-176],[-525,-60],[-983,-237],[-895,-116],[0,21520],[0,16114],[0,5150]]],"transform":{"scale":[0.000006227461134056031,0.000007513405138409736],"translate":[-100.00376188634765,35.841954999905056]},"objects":{"tracts":{"type":"GeometryCollection","geometries":[{"arcs":[[0,1]],"type":"Polygon","properties":{"id":"40045952600"}},{"arcs":[[-1,2]],"type":"Polygon","properties":{"id":"40045952800"}}]}}}