{"type":"Topology","arcs":[[[52082,99921],[3502,-11],[11805,-18],[3529,2],[7062,-83],[1389,-52],[5747,-35],[2332,-6],[10350,17],[1474,-72],[5,-17705],[-11,-17647],[-17,-11747],[-37,-19593],[26,-3936],[746,-5],[0,-16871],[-14,-359],[-14,-8855],[43,-388],[-14,-1344],[-258,-149],[-149,-1033],[-168,-31],[-406,1396],[55,1222],[-131,628],[-213,19],[-246,299],[48,678],[-134,958],[-686,1344],[-512,498],[-130,-87],[63,-964],[-240,-1636],[-347,-472],[-246,19],[-642,877],[355,784],[272,124],[172,-317],[269,547],[-45,292],[-440,-267],[-168,604],[-359,348],[-123,355],[-179,12],[-138,-646],[-291,6],[-250,255],[-254,-186],[-206,-672],[-191,-292],[-253,-62],[-575,211],[-516,38],[-41,-473],[-328,-902],[7,-752],[86,-411],[-220,-330],[-295,-142],[-291,572],[-97,783],[-150,286],[-351,63],[-97,-293],[191,-447],[59,-1114],[-175,-80],[-381,503],[-537,-25],[-344,616],[-261,217],[-474,-292],[-489,-87],[-530,-1089],[-668,-473],[-169,597],[-220,380],[-317,155],[-209,-317],[-108,373],[264,653],[-119,411],[-351,217],[-172,-510],[-205,-187],[-810,242],[37,417],[-209,68],[-179,-833],[202,-212],[228,32],[138,-212],[-82,-379],[-299,286],[-216,-206],[-30,-927],[-138,-428],[-15,-411],[-299,-82],[-30,399],[-384,795],[220,249],[-269,448],[-205,-261],[-224,242],[179,516],[-30,212],[-295,242],[-97,330],[-370,559],[-109,317],[-184,-29],[-6247,19],[-19739,3],[-1432,2]],[[54843,5213],[13,11854]],[[54856,17067],[2125,124],[2528,87],[284,212],[238,656],[16,2237],[118,399],[419,424],[6541,-5],[-16,7430],[29,447],[169,675],[247,471],[547,608],[239,420],[166,541],[68,550],[6,20352],[1202,-97],[15300,-7],[4,15721],[-29726,127],[-3370,12],[3,3462]],[[51993,71913],[1,5953],[-148,1468],[-32,892],[179,2008],[14,7878],[48,1213],[27,8596]],[[9,56632],[7094,13],[7110,33],[4704,-4],[7112,-23],[3,3933],[2348,-8],[6087,-7]],[[34467,60569],[1024,3],[-6,-7867],[-48,-3972],[42,-182],[-9,-11466],[6,-4052],[8260,8],[1205,-48],[-10,-3902],[475,0],[-28,-12027],[9478,3]],[[54843,5213],[-4736,10],[-9408,36],[-9468,14],[-7229,-27],[-969,53],[-22457,-3],[10,19751],[-9,4073],[-545,0],[-32,21630],[9,5882]],[[34467,60569],[362,570],[210,510],[443,2033],[293,485],[1435,1415],[428,1261],[317,2494],[124,615],[240,553],[1290,1901],[760,51],[1088,-67],[10275,-18],[189,-24],[72,-435]],[[9,56632],[6,3897],[-1,9933],[7,1906],[1,8986],[13,7725],[7,10883],[1161,-2],[15361,23],[2334,-13],[566,29],[8995,-7],[4706,-51],[9464,-21],[9453,1]]],"transform":{"scale":[0.000007466254664604359,0.000003682296818005038],"translate":[-99.3645290000587,35.09723700013722]},"objects":{"tracts":{"type":"GeometryCollection","geometries":[{"arcs":[[0,1,2,3]],"type":"Polygon","properties":{"id":"40149965400"}},{"arcs":[[4,5,-2,6]],"type":"Polygon","properties":{"id":"40149965000"}},{"arcs":[[-3,-6,7]],"type":"Polygon","properties":{"id":"40149965100"}},{"arcs":[[-4,-8,-5,8]],"type":"Polygon","properties":{"id":"40149964900"}}]}}}