{"type":"Topology","arcs":[[[56014,99999],[-75,-10778]],[[55939,89221],[-294,164],[-1314,-130],[-483,-832],[-472,-412],[-315,-1217],[-191,-2270],[-529,-781],[-62,-575],[-451,-1025],[195,-2070],[-238,-618],[-982,-227],[-1196,-908],[-641,-649],[-185,-581],[-83,-1475],[-631,-1010],[-1467,-1987],[-23,-736],[-203,-599],[-125,-1415],[-486,-987],[-498,39],[-1220,1158],[-772,313],[-251,-702],[-321,-191],[-900,279],[-255,-109],[-403,-692],[-373,-1176],[-108,-1281],[-328,-1294],[-795,-948],[-1152,-698],[-108,-225],[-123,-1678],[52,-882],[-305,-366],[-973,-60],[-478,-534],[-682,-482],[-1829,1584],[-377,155],[-711,-93],[-471,-519],[-471,-1380],[-403,-465],[-846,-512],[-615,341],[-386,420],[-473,210],[-1042,-513],[-523,-567],[-432,-2613],[204,-1273],[-344,-1607],[-282,-709],[-969,-562],[-237,-449],[-33,-1194],[-271,-845],[-616,-66],[-333,971],[-99,2466],[-158,699],[-814,1089],[-373,155],[-631,-249],[-554,-481],[-4214,6982],[775,4865],[-2737,3319],[-328,-307],[-163,-1631],[-575,-1223],[-1606,-4053],[-742,-928],[-424,-1133],[10,-343],[-420,-811],[-253,-1157],[34,-1159],[313,-533],[189,-1314],[-234,-605],[-10,-805],[-638,-1447],[-1115,-1552],[-734,-772],[-281,-575],[-1496,-514],[-1017,28],[-995,338],[-575,405],[-931,386],[-1756,592]],[[1758,49398],[113,7759],[31,3144],[-143,39087],[3289,52],[16164,417],[19392,-42],[11416,116],[3994,68]],[[55625,35317],[21,3019],[146,29477],[147,21408]],[[56014,99999],[20030,-21],[23955,-973],[-242,-14907],[-210,-17490],[-69,-24088],[6,-5172],[-3127,-32],[0,4896],[-15347,478],[-289,-9930],[-5024,30],[-252,-18370],[44,-615],[-7,-2963],[-51,-5392],[-807,638],[-546,-74],[-393,-277],[-398,-1694],[485,-1687],[-46,-632],[-300,-1043],[-964,-407],[-592,248],[-330,647],[-644,457],[-554,613],[-802,1315],[-663,1333],[-765,805],[-578,13],[-312,-805],[-665,-1222],[-515,-1207],[-1148,-995],[-759,249],[-602,803],[-117,521],[116,940],[444,1225],[-121,623],[-373,458],[-584,238],[-364,-277],[-190,-1140],[445,-2488],[-46,-547],[-352,-796],[-539,-761],[-414,-116],[-226,509],[-106,1725],[182,1256],[-774,1040],[-908,-40],[-414,-556],[40,-1182],[126,-860],[-20,-866],[-322,-610],[-795,-824],[-611,171],[-235,366],[-922,324],[-360,560],[-201,653],[-565,465],[202,22208],[114,5973],[-18,4597]],[[55625,35317],[-1349,69],[-25223,431],[0,1260],[-7480,-29],[-67,-358],[-36,-5835],[12,-10211],[-12752,-6],[-920,-27],[-41,8151],[-20,9603],[-7674,139],[-75,8161],[1722,7],[36,2726]]],"transform":{"scale":[0.000005659876595338206,0.0000030222002220027056],"translate":[-79.5220239997262,41.32418799977204]},"objects":{"tracts":{"type":"GeometryCollection","geometries":[{"arcs":[[0,1,2]],"type":"Polygon","properties":{"id":"42053530300"}},{"arcs":[[3,-1,4]],"type":"Polygon","properties":{"id":"42053530100"}},{"arcs":[[-2,-4,5]],"type":"Polygon","properties":{"id":"42053530201"}}]}}}