{"type":"Topology","arcs":[[[31231,69054],[6902,929],[419,-7038],[13263,-46]],[[51815,62899],[350,-15021]],[[52165,47878],[-429,-50],[-5800,-4011],[-595,-8475],[-1485,-251],[16,4234],[-7631,-703],[-3656,-348]],[[32585,38274],[-513,13455],[-1106,4438]],[[30966,56167],[901,106],[-636,12781]],[[71702,99810],[6626,106],[8377,35],[10233,48],[609,-20850],[61,-2485]],[[97608,76664],[-13201,-712],[-2825,-195],[-8814,-762]],[[72768,74995],[-6,137]],[[72762,75132],[-548,12991],[-512,11687]],[[99797,6023],[202,-5975],[-1028,-48],[-825,80]],[[98146,80],[-112,5888],[1763,55]],[[97608,76664],[322,-11854],[392,-9726],[279,-9945],[148,-5520],[503,-15696],[185,-6252]],[[99437,17671],[-4372,-440],[-16,921],[-11516,-764],[-229,5322],[-11341,-609],[-35,2337]],[[71928,24438],[-733,24860],[2654,192],[-1081,25505]],[[22930,99934],[519,-23522],[7395,862],[387,-8220]],[[30966,56167],[-13273,-1409],[211,-2965],[-3282,-23],[-12315,-127]],[[2307,51643],[-625,13184],[-72,921],[-169,4226],[-282,6281],[-884,17774],[-275,5873],[3194,12],[2613,-27],[6696,19],[10427,28]],[[56361,23530],[3452,215],[-19,1004],[6243,308],[29,-1111],[5862,492]],[[99437,17671],[143,-4494],[217,-7154]],[[98146,80],[-643,-19],[-7608,9],[-9711,68],[-3121,45],[-485,-36],[-4378,73],[-9908,18],[-7031,321],[-2127,-157]],[[53134,402],[-18,219],[2514,14902],[391,-262],[423,2201],[-390,1112],[-344,3975],[189,479],[497,353],[-35,149]],[[32585,38274],[-7575,-730],[326,-18106],[99,-7265],[105,-1185],[128,-3745],[38,-481],[115,-5946]],[[25821,816],[-2320,119],[-9482,-77],[-5491,70],[-3948,-376],[-139,2358],[-713,17886],[-21,147],[-265,6202],[-383,7927],[-188,1033],[43,2706],[-285,5856],[-322,6976]],[[55397,74304],[5223,249],[12142,579]],[[56361,23530],[411,795],[16,438],[146,233],[201,716],[96,1404],[-113,239],[146,1005],[157,467],[401,736],[30,653],[-221,1262],[92,335],[-307,908],[-101,627],[-542,1054],[-570,372],[-208,270],[-329,695],[-174,611],[-42,1418],[-120,448],[-281,476],[-197,1057],[-12,712],[-157,202],[-267,783],[136,523],[151,1312],[-29,819],[-104,699],[-219,644],[46,364],[-35,1316],[-105,985],[-2092,-230]],[[51815,62899],[-127,5293],[3917,-35],[-208,6147]],[[53134,402],[-1428,-223],[-749,158],[-7558,306],[-2890,180],[-1505,-250],[-1554,33],[-11629,210]],[[22930,99934],[4454,-9],[12839,-46],[14245,-204]],[[54468,99675],[560,-14954],[369,-10417]],[[54468,99675],[4556,-66],[12678,201]]],"transform":{"scale":[0.000006832880360009604,0.000003578521111390831],"translate":[-76.1455192032929,41.64141000014043]},"objects":{"tracts":{"type":"GeometryCollection","geometries":[{"arcs":[[0,1,2,3,4]],"type":"Polygon","properties":{"id":"42115032600"}},{"arcs":[[5,6,7,8]],"type":"Polygon","properties":{"id":"42115032300"}},{"arcs":[[9,10]],"type":"Polygon","properties":{"id":"42115032902"}},{"arcs":[[-7,11,12,13]],"type":"Polygon","properties":{"id":"42115032400"}},{"arcs":[[14,-5,15,16]],"type":"Polygon","properties":{"id":"42115032000"}},{"arcs":[[17,-13,18,-11,19,20]],"type":"Polygon","properties":{"id":"42115032901"}},{"arcs":[[-16,-4,21,22]],"type":"Polygon","properties":{"id":"42115032700"}},{"arcs":[[23,-8,-14,-18,24,-2,25]],"type":"Polygon","properties":{"id":"42115032500"}},{"arcs":[[-3,-25,-21,26,-22]],"type":"Polygon","properties":{"id":"42115032800"}},{"arcs":[[27,28,-26,-1,-15]],"type":"Polygon","properties":{"id":"42115032100"}},{"arcs":[[29,-9,-24,-29]],"type":"Polygon","properties":{"id":"42115032200"}}]}}}