{"type":"Topology","arcs":[[[427,74067],[18059,-108],[34,5758],[16651,518]],[[35171,80235],[47,-1565],[23211,742],[-71,7298]],[[58358,86710],[17820,357],[35,-598],[182,-5690]],[[76395,80779],[401,-12484]],[[76796,68295],[-8757,-4],[-9501,-30],[65,-6769]],[[58603,61492],[-13972,158],[15,-1569]],[[44646,60081],[-8926,-85],[-36,1308],[-6390,-118],[-3572,-144],[2,3542],[-7189,-101],[47,-5964],[-2710,-123],[-15250,-498]],[[622,57898],[-171,13878],[-24,2291]],[[53062,99540],[12941,-37],[8298,232],[7621,84],[5705,93],[3890,87],[1360,0],[146,-1252],[159,-1838],[1415,-15790]],[[94597,81119],[-18202,-340]],[[58358,86710],[-5208,-126],[-88,12956]],[[44646,60081],[120,-11808],[-8,-334]],[[44758,47939],[-5840,-165],[44,-4184],[24,-3513],[2108,-102],[-56,886],[-278,666],[1002,-22],[16,-1800],[537,7],[-229,563],[231,738],[272,506],[2167,7],[8,-49]],[[44764,41477],[311,-11206]],[[45075,30271],[-2723,-35],[220,-10542],[-9347,-162],[-12519,-217],[399,-19033]],[[21105,282],[-19643,-282],[-87,6226],[-266,18758],[-216,15243],[-271,17671]],[[58740,47163],[2525,955],[9816,-327],[3678,124],[5368,-185],[-393,15673],[-138,4909],[-2800,-17]],[[94597,81119],[361,-3972],[1055,-12749],[666,-6544],[71,-2959],[735,-10013],[1271,-17288],[47,-593]],[[98803,27001],[-18020,-705],[-258,-5010],[-9326,-515]],[[71199,20771],[-67,5206],[5031,175],[-137,7626],[-5035,-178],[-12127,-363],[-124,13926]],[[58603,61492],[137,-14329]],[[71199,20771],[-17323,-574],[-2534,-86],[-12,1659],[2318,37],[-106,4249],[3546,126],[-105,4227],[-11908,-138]],[[44764,41477],[-6,6462]],[[98803,27001],[455,-5521],[-27,-405],[226,-4081],[542,-5099],[-439,-948],[-53,-439],[-528,-362],[-517,-263],[-140,-177],[-494,-18],[-400,-223],[-413,36],[-220,-319],[-675,-320],[-586,-156],[-120,-175],[-686,51],[-296,217],[-243,2],[-288,-360],[-356,-3],[-208,-556],[25,-249],[-202,-245],[-67,-833],[-146,-282],[-458,-148],[-411,-309],[-496,-37],[-220,128],[-660,-19],[-596,-290],[-229,-318],[-442,-322],[-938,-1543],[-283,-3],[-237,-396],[-18,-295],[442,-161],[-43,-577],[-6843,-335],[-24820,-885],[-2510,-72],[-11313,-292],[-506,62],[-8113,-69],[-13148,-110]],[[23164,99625],[46,-4989],[7937,103],[875,-2285],[147,159],[-3,436],[130,301],[398,-6937],[2280,67],[177,-5909],[20,-336]],[[427,74067],[-108,6572],[-34,1614],[-285,17277],[14241,120],[8923,-25]],[[23164,99625],[14912,-43],[5286,-15],[9700,-27]]],"transform":{"scale":[0.000007353211461213391,0.000004594075941711278],"translate":[-77.61002779328234,41.542270999706396]},"objects":{"tracts":{"type":"GeometryCollection","geometries":[{"arcs":[[0,1,2,3,4,5,6,7]],"type":"Polygon","properties":{"id":"42117950400"}},{"arcs":[[8,9,-3,10]],"type":"Polygon","properties":{"id":"42117950100"}},{"arcs":[[-7,11,12,13,14,15]],"type":"Polygon","properties":{"id":"42117950900"}},{"arcs":[[16,-4,-10,17,18,19]],"type":"Polygon","properties":{"id":"42117950500"}},{"arcs":[[20,-20,21,-14,22,-12,-6]],"type":"Polygon","properties":{"id":"42117950700"}},{"arcs":[[-23,-13]],"type":"Polygon","properties":{"id":"42117950800"}},{"arcs":[[-17,-21,-5]],"type":"Polygon","properties":{"id":"42117950600"}},{"arcs":[[-22,-19,23,-15]],"type":"Polygon","properties":{"id":"42117951000"}},{"arcs":[[24,-1,25]],"type":"Polygon","properties":{"id":"42117950300"}},{"arcs":[[26,-11,-2,-25]],"type":"Polygon","properties":{"id":"42117950200"}}]}}}