{"type":"Topology","arcs":[[[41480,95493],[-168,-719],[129,-3730],[-344,-1300],[300,-2936],[321,-572],[-433,-563],[-878,-739],[-741,88],[-914,-153],[-560,-631],[-761,-1284],[230,-1318],[303,-749],[405,-428],[231,-877],[-117,-1048],[191,-479],[-28,-1756],[-310,-1075],[-122,-1040],[-108,-2725],[-128,-585],[593,-1464],[-864,-607],[-427,-1464],[-486,-279],[-102,-565],[21,-1789],[-518,-1243],[76,-1611],[-134,-954],[100,-1330],[-69,-1624],[-255,-685],[304,-2010],[-492,-795],[65,-824],[-319,-1663],[-435,-856],[-117,-902],[329,-698],[-107,-1121],[-575,-696],[-217,-934],[-537,-734],[-800,-571],[-349,-925],[-754,-151],[192,-983],[386,214],[13,-881],[467,-972],[209,-845],[-733,-230],[-264,-1360],[-496,-216]],[[31683,39106],[-111,18],[-4776,2479],[-4638,-104],[-620,77],[-508,1011],[303,683],[157,1191],[-680,803],[-187,723],[467,683],[-326,749],[188,810],[-522,892],[-223,908],[-126,3373],[-5909,-1549],[3354,-7927],[411,-1658],[-6250,671],[-661,15],[-2475,8122],[-8551,-7933],[253,5808],[196,1820],[784,16093],[165,1545],[1568,21662],[220,4123],[631,-92],[293,513],[622,365],[-110,2931],[10378,-634],[9888,-1017],[16592,-767]],[[41480,95493],[6506,-320],[11544,-328],[10649,1771],[17555,1790],[1732,715],[4435,-50],[792,621],[996,280],[2622,27],[-73,-3909],[-567,-427],[241,-1221],[-525,-1093],[164,-1592],[640,-360],[-100,-9467],[1908,-5773],[-1578,-6402],[-79,-1142],[-360,-409],[-183,-1098],[244,-269],[-568,-1294],[-163,-806],[-174,-3838],[-488,-1980],[90,-1535],[-1238,172],[-185,-1134],[-1272,-896],[113,-2173],[-3101,2378],[-4016,110],[-4331,-3746],[-999,-2637],[-381,-650],[-344,432],[-560,-663],[-1222,-1835],[-1676,-839],[1178,-4061],[335,-928],[-391,-805],[210,-721],[-97,-1029],[-913,697],[-659,-611],[-25,1360],[-1619,-323],[-340,310],[-337,983],[299,1510],[895,1613],[989,744],[-16,744],[-5186,-1208],[-252,1357],[-403,-1041],[-2605,-622],[-1384,-1401],[-1240,-2591],[-664,-4623],[-2320,-5344],[-1356,-3958],[-887,-3025],[-1730,-12001],[-532,-6583],[-146,-1360],[-94,-2986],[-409,658],[-601,501],[-444,911],[-273,42],[-329,1390],[-559,828],[-429,1403],[-94,1018],[-371,864],[-706,909],[-106,511],[502,1032],[-546,269],[-557,1456],[-469,868],[-102,1464],[-539,-365],[-284,1738],[-2646,3394],[-2965,6522],[-680,6880],[-484,498],[-1637,-2115],[-906,543],[-1641,1267],[-1539,370],[-1775,1340],[-162,1111],[-1076,-1042],[-176,1054],[-648,87],[-1041,768],[-2863,2932]]],"transform":{"scale":[0.000005468334682313459,0.0000022343923478555922],"translate":[-85.81388500006705,36.40307399992288]},"objects":{"tracts":{"type":"GeometryCollection","geometries":[{"arcs":[[0,1]],"type":"Polygon","properties":{"id":"47027955100"}},{"arcs":[[2,-1]],"type":"Polygon","properties":{"id":"47027955000"}}]}}}