{"type":"Topology","arcs":[[[59260,99950],[22896,28],[17312,21],[57,-13507],[50,-10089],[6,-80],[64,-11491],[-7,-959],[63,-3374],[6,-4075],[73,-806],[-1,-6226]],[[99779,49392],[-233,319],[-111,357],[-605,69],[-1082,698],[-147,421],[-449,183],[-37,396],[-319,301],[-352,15],[-1053,-300],[-1002,5],[-336,137],[-309,454],[-1094,358],[-321,-34],[-460,120],[-438,-20],[-923,289],[-240,175],[-360,29],[-689,-171],[-86,120],[-617,354],[-891,245],[-4149,-3005],[-3388,1805],[-735,278],[-1423,1066],[-775,228],[-971,69],[51,491],[-440,362],[-934,196],[-497,172],[-704,3],[-646,-113],[-1227,597],[-419,462],[-328,263],[-444,227],[-387,397],[-768,299],[-584,92],[-276,123],[-650,73],[-1025,777],[-281,554],[-300,4580],[3,97],[996,521],[-419,338],[909,516],[-632,22],[-511,122]],[[66671,65524],[52,364],[-14,5347],[-322,752],[-536,434],[-3349,2204],[-1236,853],[-1593,2399],[-130,138],[-2620,2330],[-1062,871],[-76,142],[-2,1553],[-93,304],[-1172,1308],[-522,484],[19,1962],[39,423],[27,2690],[-24,62],[2016,916],[-1931,1670],[1051,2134],[474,6],[28,278],[1562,640],[2414,-23],[4,2801],[-1149,24],[5,112],[572,588],[24,477],[133,183]],[[183,66685],[739,235],[401,238],[1430,-552],[441,-103],[305,-172],[472,-70],[441,-287],[1108,-546],[1117,-200],[414,118],[2211,-329],[943,160],[307,-40],[212,-236],[690,-63],[1008,224],[515,-2],[843,-578],[-1377,-1252],[223,-38],[269,-252],[-42,-261],[255,-232],[378,-92],[359,-225],[462,-126],[313,-271],[-3,-296],[-161,-197],[661,-449],[619,-55],[277,-209],[675,-213],[627,-45],[121,-427],[157,-108],[2768,-357],[892,77],[631,5],[3156,279],[992,9],[337,-53],[922,-337],[883,-386],[2484,-1220],[1483,613],[1570,1283],[1133,736],[636,494],[61,154],[1953,1253],[-462,422],[3443,2039],[2076,-1615],[1431,112],[1526,250],[974,201],[939,-76],[610,76],[900,187],[1415,228],[2055,928],[796,-590],[1863,999],[2563,425],[272,-20],[851,-628],[1774,944],[1899,-1332],[901,326],[1108,608],[694,92],[1189,-193],[360,-143]],[[99779,49392],[0,-1297],[85,-18121],[28,-5001],[34,-9308],[37,-8399],[36,-7266],[-50944,335],[174,9822],[-5282,60],[-30,1928],[-6467,-51],[10,-2572],[-6210,-21],[-17,2472],[-8022,-56],[-3976,-17],[-9785,-60],[-222,-288],[-8352,-44],[-31,4665],[-129,14230],[-475,30920],[-48,3129],[-10,2233]],[[183,66685],[-138,27615],[-45,5638],[53083,-1],[195,8],[5982,5]]],"transform":{"scale":[0.000005708667092623221,0.00000795486955415372],"translate":[-98.80332500015884,27.262486999755946]},"objects":{"tracts":{"type":"GeometryCollection","geometries":[{"arcs":[[0,1,2]],"type":"Polygon","properties":{"id":"48131950100"}},{"arcs":[[3,-2,4]],"type":"Polygon","properties":{"id":"48131950500"}},{"arcs":[[-3,-4,5]],"type":"Polygon","properties":{"id":"48131950200"}}]}}}