{"type":"Topology","arcs":[[[0,65147],[37,774],[-4,11942],[63,18535],[2232,-65],[2117,236],[613,165],[1137,700],[1283,1036],[260,275],[157,729],[411,319],[1692,206],[3134,-489],[1170,-413],[270,-821],[1153,-817],[3218,-1943],[561,-52],[430,-251],[1265,-988],[2436,-2283],[220,-333],[172,-622],[651,-856],[3038,-3060],[3855,-2202],[1449,-472],[582,96],[556,-603],[508,-998],[-281,-359],[-105,-547],[846,-1675],[3945,-4262],[935,-459],[418,4],[222,-280],[322,-963],[148,-122],[1385,-27],[515,-504],[1425,-783],[137,-424],[-529,-652],[79,-258],[2484,-1760],[2551,-1247],[2019,-673],[1929,-944],[735,-665],[254,-394],[164,-560],[-116,-630],[412,-687],[914,-647],[238,-298],[507,0],[539,-148],[904,-796],[285,-517],[835,-21],[644,69],[909,237],[803,-5],[1320,-398],[1030,-674],[629,-96],[639,135],[988,407],[867,643],[290,463],[312,44],[718,-188],[592,-315],[829,-141],[666,-280],[179,-324],[1283,-464],[513,23],[903,323],[998,49],[275,175],[549,70],[1384,-428],[708,468],[26,359],[613,648],[1030,661],[412,582],[174,437],[-148,1321],[158,1825],[845,1715],[1089,311],[893,26],[1432,-210],[1189,-511],[1290,-368],[3720,-241],[1174,144],[1152,437],[640,-88],[607,-254],[803,-608],[1344,17],[532,-359],[572,-569],[703,-966],[613,-332],[2321,-374],[-51,-23301],[-40,-4564],[96,-63],[-63,-10814],[17,-20547],[-186,-245],[-215,-867],[-311,-788],[-536,-678],[-1174,-740],[-468,-534],[-653,310],[-16,363],[-279,224],[-826,205],[-580,508],[-510,604],[-853,-83],[-737,-459],[-711,-35],[-1010,189],[-742,-105],[-721,105],[-869,-197],[-369,-389],[-37,-333],[-321,-652],[237,-135],[-227,-661],[-858,-446],[-110,-250],[-542,-494],[-374,-118],[-347,118],[-305,674],[-227,241],[-705,65],[-1795,-184],[-810,202],[-563,459],[-48,320],[-290,380],[-47,333],[-421,455],[-758,1037],[-332,271],[-1969,739],[-621,83],[-780,-40],[-626,88],[-2127,-102],[-489,136],[-17,638],[-384,915],[-596,809],[-363,170],[-211,-691],[-505,-170],[-548,184],[-979,701],[-468,192],[-848,171],[-1263,92],[-543,-34],[-1390,-858],[-979,-328],[-422,-350],[-1358,-481],[-479,354],[-337,648],[-674,140],[-1290,35],[-1648,-315],[-1011,87],[-52,604],[-164,368],[-416,17],[-700,-193],[-442,27],[-737,223],[-548,-9],[-1027,-259],[-863,-499],[-826,-254],[-553,162],[-759,839],[-838,490],[-426,-61],[-1994,-1011],[-1580,-537],[-679,-52],[-569,127],[-805,398],[-248,219],[-6539,3777],[-32,30],[-35511,20612],[-47,11190],[37,328],[-9,5192],[-22,15088],[-33,1147]]],"transform":{"scale":[0.000005229552294593927,0.000005235042348932213],"translate":[-99.99800600033494,34.05577400032269]},"objects":{"tracts":{"type":"GeometryCollection","geometries":[{"arcs":[[0]],"type":"Polygon","properties":{"id":"48197950100"}}]}}}