{"type":"Topology","arcs":[[[71985,43404],[4086,8185],[336,558],[2550,5287],[619,1000]],[[79576,58434],[3134,-1614],[3725,-1850],[13564,-6859],[-1187,-2024],[-2285,-4130],[-1282,-2622],[-4443,-7790],[-1841,-3327],[-1610,-2992],[-4168,-7887],[-1461,-3401],[-3621,-7128],[-423,-660],[-9205,6964],[-384,212],[-8999,6772]],[[59090,20098],[2728,5190],[1782,3127],[618,1196],[4990,8676],[82,193],[2092,3787],[603,1137]],[[21064,37112],[3022,-1240],[1363,-356],[2978,5329]],[[28427,40845],[2678,-1418],[424,304],[3377,-1451],[1232,-385],[3869,-997],[1966,-550],[-2513,-4950],[-60,-326],[10594,-5852],[2158,-1266],[1168,-554],[1703,-1026],[951,-491],[1769,-1050],[1347,-735]],[[59090,20098],[-10304,-20098],[-5377,3073],[-6361,3570],[-762,309],[-971,647],[-1708,983],[-1888,899],[-2873,1519],[-7003,2251],[-6019,1873],[6275,11638],[-4865,2543],[3830,7807]],[[23541,72881],[10083,-5316]],[[33624,67565],[-2079,-3415],[-502,-1027],[-197,-642],[-848,-1297],[-728,-1935],[6559,-3237],[-2948,-5979],[-746,-1288]],[[32135,48745],[-156,-1350],[-219,-367],[-3333,-6183]],[[21064,37112],[-3529,1079],[-6856,8985],[-6335,8884],[-243,381],[-1147,1231],[-2422,545],[-362,440],[448,448],[-618,968],[582,227],[-581,881],[133,704],[652,477],[258,-119],[419,-668],[599,-258],[1021,242],[693,-202],[579,113],[434,1021],[1681,1649],[5469,10397],[208,238],[1453,2784],[2025,-950],[1327,-547],[284,-238],[6305,-2943]],[[80587,60396],[-3218,1671],[-964,333],[-9108,4617],[-1240,771],[-6386,3112],[-675,-1301]],[[58996,69599],[-1111,537],[-1607,915],[-2249,1099],[-14162,7215],[-5131,-9703],[-217,-306],[-895,-1791]],[[23541,72881],[277,1784],[1727,8665],[223,1473],[2058,-7],[809,6472],[1893,17],[484,2442],[853,19],[290,2431],[12795,1994],[9009,1299],[2395,529],[6072,-4960],[9030,-4776],[803,-311],[1013,-525],[16098,-8116],[1833,-821],[-4881,-9101],[-5735,-10993]],[[32135,48745],[3311,-1760],[291,458],[2727,-1455],[4734,-1624],[533,-135],[2704,4604],[336,811],[583,974],[1553,-723],[572,1022]],[[49479,50917],[1044,-97],[1398,-691],[11,-647],[565,-519],[446,35],[360,647],[321,-184],[-357,-1429],[216,-857],[580,-499],[628,734],[223,-534],[816,366],[429,-158],[370,137],[1641,-747],[1554,-779],[1061,-750],[799,-355],[2611,-1415],[957,1757],[935,1389],[4103,-2000],[1795,-917]],[[58996,69599],[-789,-1132],[-755,-2004],[-559,-1035],[-2783,-5549],[-187,-305],[-3947,-7756],[-497,-901]],[[80587,60396],[-761,-1269],[-250,-693]]],"transform":{"scale":[0.000005589395887935829,0.000004033670338198281],"translate":[-72.92708499966062,44.398224000106325]},"objects":{"tracts":{"type":"GeometryCollection","geometries":[{"arcs":[[0,1,2]],"type":"Polygon","properties":{"id":"50015953400"}},{"arcs":[[3,4,5]],"type":"Polygon","properties":{"id":"50015953600"}},{"arcs":[[6,7,8,-4,9]],"type":"Polygon","properties":{"id":"50015953100"}},{"arcs":[[10,11,-7,12]],"type":"Polygon","properties":{"id":"50015953000"}},{"arcs":[[-9,13,14,-3,-5]],"type":"Polygon","properties":{"id":"50015953500"}},{"arcs":[[-12,15,-14,-8]],"type":"Polygon","properties":{"id":"50015953200"}},{"arcs":[[-11,16,-1,-15,-16]],"type":"Polygon","properties":{"id":"50015953300"}}]}}}