{"type":"Topology","arcs":[[[19117,43802],[2180,-658],[1568,-835],[1367,-140],[4074,-20],[2353,-94],[6416,-394],[915,11],[1182,774],[1358,551],[1734,350],[2590,339],[3139,764],[2616,476],[2017,1305],[2058,320],[9935,1383],[2797,717]],[[67416,48651],[-1232,-1404],[-224,-682],[65,-1029],[554,-1141],[729,-866],[3397,-2089],[3997,-1666],[2987,-1354],[1857,-1429],[1595,-1589],[-256,-3049],[350,-703],[366,-3500],[-79,-451],[-2433,-2807],[-359,-915],[218,-4810],[-1401,-690],[-3030,-540],[-3811,-321],[-1603,-393],[-1067,-1083],[-354,-895],[-727,-705],[1354,-4914],[-2037,-1437],[-3632,-1726],[-1084,-351],[-4035,-1089],[-2740,-603],[-6354,-1113],[-9933,-1227],[-21732,-1969],[-2419,-111],[-2915,895],[-3583,1757],[-643,1462],[-1072,687],[-2042,930],[105,282],[1885,725],[789,749],[-261,529],[-1952,1253],[-1111,1543],[-3469,1117],[-74,535],[1320,900],[728,1638],[-639,999],[194,184],[3543,887],[598,248],[-2315,952],[-411,409],[1545,282],[1477,899],[-554,856],[939,304],[1548,933],[1785,40],[464,213],[-199,576],[-1337,593],[861,894],[-489,645],[449,414],[1954,218],[-103,618],[-1374,791],[2440,598],[2009,1550],[-7,188],[-1682,228],[-662,259],[210,608],[247,5632],[-248,3586],[892,770],[3082,1281],[1667,950],[1185,1195]],[[19117,43802],[1669,1682],[817,1054],[1419,732],[4302,1289],[978,690],[310,793],[-392,2319],[-761,1200],[-7432,2620],[-1647,887],[-2321,650],[-3827,698],[-2846,953],[-2022,1236],[-2069,379],[-960,1557],[-19,841],[793,1829],[2071,824],[1885,370],[1442,948],[1332,1858],[2130,3648],[958,1283],[2070,1612],[1289,634],[2931,880],[3390,739],[1072,677],[250,1429],[-565,4278],[855,3815],[-417,1188],[-3025,1018],[-2759,1278],[-1343,983],[-618,759],[-262,731],[606,625],[1632,919],[3558,3674],[47241,298],[4161,127],[24745,193],[-1602,-1394],[-1670,-1183],[-10834,-6479],[-1336,-1038],[-2083,-1277],[-1504,-696],[-1287,-408],[-3464,-893],[-931,-861],[217,-929],[882,-881],[1841,-759],[651,-448],[388,-915],[3434,-2749],[927,-310],[3940,-592],[3850,-781],[1270,-166],[4243,-178],[1552,24],[1626,-820],[151,-920],[-207,-1933],[-1107,-1580],[-971,-983],[-320,-1639],[-1004,-807],[-2367,-1114],[-46,-1075],[-1122,-1099],[-687,-935],[-300,-1336],[162,-255],[1691,-1135],[692,-1032],[-1094,-845],[-1138,-549],[-443,-936],[-529,-339],[-1858,-434],[-1916,-189],[-4047,-600],[-1524,-366],[-4363,-1359],[-2920,-1296],[-1346,-753],[-3037,-1954],[-2782,-2152]]],"transform":{"scale":[0.000001985579863528878,0.000004501067723107203],"translate":[-73.38996600039832,44.563518406660144]},"objects":{"tracts":{"type":"GeometryCollection","geometries":[{"arcs":[[0,1]],"type":"Polygon","properties":{"id":"50013020200"}},{"arcs":[[-1,2]],"type":"Polygon","properties":{"id":"50013020100"}}]}}}