{"type":"Topology","arcs":[[[99816,56029],[-577,-110],[-270,181],[-704,55],[201,265],[-20,258],[-420,114],[-1225,-21],[-200,-54],[110,-244],[-242,-238],[-274,61],[-459,-25],[-378,-238],[262,-183],[-103,-92],[93,-298],[-639,-73],[403,-124],[-106,-181],[-497,-150],[314,-96],[-2,-349],[-573,231],[-487,-219],[584,-72],[41,-142],[-428,-43],[-143,-128],[98,-177],[-165,-161],[-744,153],[-2807,-1397],[-690,137],[-3600,-588],[-248,-77],[1295,-525],[-183,-62],[-5893,-493],[-992,-441],[-121,-233],[-229,-137],[-846,-819],[-1076,-189],[-405,147],[-1283,-480],[-486,43],[-343,-122],[-1225,-28],[-137,-461],[-799,-166],[-140,290],[-330,75],[-290,-52],[5,-338],[-551,131],[-133,323],[-378,34],[-223,241],[-29,205],[-635,148],[-395,-321],[-673,326],[-114,247],[-994,-205],[-312,54],[-420,-158],[-347,-35],[-383,289],[-804,-104],[-269,93],[-534,13],[148,194],[-389,44],[-490,147],[-483,-250],[-91,-165],[-379,157],[-10,129],[-853,111],[-88,-217],[-959,196],[-324,201],[-303,-135],[-200,49],[-171,215],[-446,-23],[-231,-227],[-896,-168],[-822,8],[-47,256],[-952,-52],[145,-152],[-313,-139],[-407,-23],[39,-138],[-231,-158],[-587,-44],[-367,-256],[-203,102],[2,829],[-480,451],[-12,340],[-152,234],[-939,841],[-588,1109],[-278,729],[-454,552],[-11,472],[-76,157],[-1773,1440],[-155,218],[-9,1399],[-25,101],[-1418,1904],[-92,281],[103,189],[407,269],[117,297],[-3419,-8],[-4813,2344],[-1027,346],[-937,440],[-715,-75],[-31422,-194],[-184,-408],[-544,-100],[-468,-196],[-470,-328],[-700,-222],[-119,-438],[17,-754],[-344,-301],[254,-190],[186,-491],[11,-343],[-433,-449],[41,-196],[-571,-68],[-346,162],[-703,-6],[-408,86],[-1092,84],[-482,-37]],[[818,59426],[-93,14509],[-290,2085],[-24,5311],[261,-7],[-249,6932],[-74,309],[59,666],[-408,10325],[5681,-19],[477,21],[11551,135],[1203,-46],[7678,142],[3452,48],[3385,-37],[13519,43],[3126,29],[1224,-46],[6069,-4],[1379,38],[3490,21],[2672,52],[407,48],[6939,18],[592,-17],[4342,7],[562,-15],[2867,11],[19016,-48],[72,-9108],[24,-9025],[34,-100],[-46,-6176],[-24,-115],[121,-12451],[33,-1116],[-86,-2659],[-32,-280],[89,-2878]],[[99816,56029],[120,-6716],[-37,-190],[13,-1976],[86,-9160],[-7,-1318],[-65,-417],[2,-4595],[16,-1733],[-25,-73],[15,-8541],[26,-1505],[16,-3024],[20,-51],[3,-12252],[-5,-4478],[-21624,8],[-101,-8],[-8278,49],[-68684,332],[-117,8917],[1132,4],[21,7788],[-11,17713],[-253,2201],[-64,8533],[-1167,7],[-30,13882]]],"transform":{"scale":[0.000006332113315046538,0.000009570685707652326],"translate":[-105.28651099981677,41.65300500003493]},"objects":{"tracts":{"type":"GeometryCollection","geometries":[{"arcs":[[0,1]],"type":"Polygon","properties":{"id":"56031959100"}},{"arcs":[[-1,2]],"type":"Polygon","properties":{"id":"56031959400"}}]}}}